{"Accuracy": 0.595, "image_quantity_level-Accuracy": {"Few": 0, "Medium": 0.5483870967741935, "Many": 0.6710526315789473}, "image_quantity_level-Result": {"Few": [0, 0], "Medium": [68, 124], "Many": [51, 76]}}