{"Accuracy": 0.11, "image_quantity_level-Accuracy": {"Few": 0, "Medium": 0.10948905109489052, "Many": 0.1111111111111111}, "image_quantity_level-Result": {"Few": [0, 0], "Medium": [15, 137], "Many": [7, 63]}}