{"Accuracy": 0.165, "image_quantity_level-Accuracy": {"Few": 0.17613636363636365, "Medium": 0.08333333333333333, "Many": 0}, "image_quantity_level-Result": {"Few": [31, 176], "Medium": [2, 24], "Many": [0, 0]}}