{"Rouge-L f": 0.20007423898594875, "image_quantity_level-Accuracy": {"Few": 0.20007423898594875, "Medium": 0, "Many": 0}, "image_quantity_level-Result": {"Few": [40.01484779718975, 200], "Medium": [0, 0], "Many": [0, 0]}}