{"Accuracy": 0.671875, "image_quantity_level-Accuracy": {"Few": 0.85, "Medium": 0.6923076923076923, "Many": 0.6352941176470588}, "image_quantity_level-Result": {"Few": [17, 20], "Medium": [90, 130], "Many": [108, 170]}}