{"Rouge-L f": 0.2740850435317822, "image_quantity_level-Accuracy": {"Few": 0.2740850435317822, "Medium": 0, "Many": 0}, "image_quantity_level-Result": {"Few": [54.817008706356425, 200], "Medium": [0, 0], "Many": [0, 0]}}