{"Rouge-L f": 0.12904557379219045, "image_quantity_level-Accuracy": {"Few": 0.12904557379219045, "Medium": 0, "Many": 0}, "image_quantity_level-Result": {"Few": [25.809114758438096, 200], "Medium": [0, 0], "Many": [0, 0]}}