{"Accuracy": 0.055, "image_quantity_level-Accuracy": {"Few": 0, "Medium": 0.06666666666666667, "Many": 0.05405405405405406}, "image_quantity_level-Result": {"Few": [0, 0], "Medium": [1, 15], "Many": [10, 185]}}