{"Accuracy": 0.225, "image_quantity_level-Accuracy": {"Few": 0.23783783783783785, "Medium": 0.06666666666666667, "Many": 0}, "image_quantity_level-Result": {"Few": [44, 185], "Medium": [1, 15], "Many": [0, 0]}}