{"Rouge-L f": 0.21354775021826214, "image_quantity_level-Accuracy": {"Few": 0.21354775021826214, "Medium": 0, "Many": 0}, "image_quantity_level-Result": {"Few": [42.70955004365245, 200], "Medium": [0, 0], "Many": [0, 0]}}