{"Rouge-L f": 0.2666890424039999, "image_quantity_level-Accuracy": {"Few": 0.2666890424039999, "Medium": 0, "Many": 0}, "image_quantity_level-Result": {"Few": [53.337808480799964, 200], "Medium": [0, 0], "Many": [0, 0]}}