{"Accuracy": 0.315, "image_quantity_level-Accuracy": {"Few": 0, "Medium": 0.32413793103448274, "Many": 0.2909090909090909}, "image_quantity_level-Result": {"Few": [0, 0], "Medium": [47, 145], "Many": [16, 55]}}