{"Accuracy": 0.225, "image_quantity_level-Accuracy": {"Few": 0.23243243243243245, "Medium": 0.13333333333333333, "Many": 0}, "image_quantity_level-Result": {"Few": [43, 185], "Medium": [2, 15], "Many": [0, 0]}}