{"Accuracy": 0.24, "image_quantity_level-Accuracy": {"Few": 0, "Medium": 0.24193548387096775, "Many": 0.23684210526315788}, "image_quantity_level-Result": {"Few": [0, 0], "Medium": [30, 124], "Many": [18, 76]}}