{"Accuracy": 0.53, "image_quantity_level-Accuracy": {"Few": 0, "Medium": 0.5172413793103449, "Many": 0.5636363636363636}, "image_quantity_level-Result": {"Few": [0, 0], "Medium": [75, 145], "Many": [31, 55]}}