{"Accuracy": 0.92, "image_quantity_level-Accuracy": {"Few": 0.9351351351351351, "Medium": 0.7333333333333333, "Many": 0}, "image_quantity_level-Result": {"Few": [173, 185], "Medium": [11, 15], "Many": [0, 0]}}