{"Accuracy": 0.3, "image_quantity_level-Accuracy": {"Few": 0.3229166666666667, "Medium": 0.27884615384615385, "Many": 0}, "image_quantity_level-Result": {"Few": [31, 96], "Medium": [29, 104], "Many": [0, 0]}}