{"Accuracy": 0.125, "image_quantity_level-Accuracy": {"Few": 0, "Medium": 0.14814814814814814, "Many": 0.07692307692307693}, "image_quantity_level-Result": {"Few": [0, 0], "Medium": [20, 135], "Many": [5, 65]}}