{"Accuracy": 0.805, "image_quantity_level-Accuracy": {"Few": 0, "Medium": 0.8145161290322581, "Many": 0.7894736842105263}, "image_quantity_level-Result": {"Few": [0, 0], "Medium": [101, 124], "Many": [60, 76]}}