{"Accuracy": 0.125, "image_quantity_level-Accuracy": {"Few": 0, "Medium": 0.11678832116788321, "Many": 0.14285714285714285}, "image_quantity_level-Result": {"Few": [0, 0], "Medium": [16, 137], "Many": [9, 63]}}