{"Accuracy": 0.22, "image_quantity_level-Accuracy": {"Few": 0.22702702702702704, "Medium": 0.13333333333333333, "Many": 0}, "image_quantity_level-Result": {"Few": [42, 185], "Medium": [2, 15], "Many": [0, 0]}}