{"Accuracy": 0.27, "image_quantity_level-Accuracy": {"Few": 0, "Medium": 0.2598870056497175, "Many": 0.34782608695652173}, "image_quantity_level-Result": {"Few": [0, 0], "Medium": [46, 177], "Many": [8, 23]}}