{"Accuracy": 0.46, "image_quantity_level-Accuracy": {"Few": 0, "Medium": 0.5283018867924528, "Many": 0.3829787234042553}, "image_quantity_level-Result": {"Few": [0, 0], "Medium": [56, 106], "Many": [36, 94]}}