{"Rouge-L f": 0.2538181243267761, "image_quantity_level-Accuracy": {"Few": 0.2538181243267761, "Medium": 0, "Many": 0}, "image_quantity_level-Result": {"Few": [50.76362486535522, 200], "Medium": [0, 0], "Many": [0, 0]}}