{"Accuracy": 0.33, "image_quantity_level-Accuracy": {"Few": 0.3645833333333333, "Medium": 0.2980769230769231, "Many": 0}, "image_quantity_level-Result": {"Few": [35, 96], "Medium": [31, 104], "Many": [0, 0]}}