{"Rouge-L f": 0.2536924509809545, "image_quantity_level-Accuracy": {"Few": 0.2536924509809545, "Medium": 0, "Many": 0}, "image_quantity_level-Result": {"Few": [50.738490196190874, 200], "Medium": [0, 0], "Many": [0, 0]}}