{"Rouge-L f": 0.11954921568648041, "image_quantity_level-Accuracy": {"Few": 0.11954921568648041, "Medium": 0, "Many": 0}, "image_quantity_level-Result": {"Few": [23.909843137296086, 200], "Medium": [0, 0], "Many": [0, 0]}}