{"Accuracy": 0.345, "image_quantity_level-Accuracy": {"Few": 0, "Medium": 0.33793103448275863, "Many": 0.36363636363636365}, "image_quantity_level-Result": {"Few": [0, 0], "Medium": [49, 145], "Many": [20, 55]}}