{"Accuracy": 0.6, "image_quantity_level-Accuracy": {"Few": 1.0, "Medium": 0.8769230769230769, "Many": 0.3411764705882353}, "image_quantity_level-Result": {"Few": [20, 20], "Medium": [114, 130], "Many": [58, 170]}}