{"Rouge-L f": 0.2910542170596864, "image_quantity_level-Accuracy": {"Few": 0.2910542170596864, "Medium": 0, "Many": 0}, "image_quantity_level-Result": {"Few": [58.21084341193728, 200], "Medium": [0, 0], "Many": [0, 0]}}