{"Accuracy": 0.44, "image_quantity_level-Accuracy": {"Few": 0, "Medium": 0.42758620689655175, "Many": 0.4727272727272727}, "image_quantity_level-Result": {"Few": [0, 0], "Medium": [62, 145], "Many": [26, 55]}}