{"Accuracy": 0.24, "image_quantity_level-Accuracy": {"Few": 0.19696969696969696, "Medium": 0.26119402985074625, "Many": 0}, "image_quantity_level-Result": {"Few": [13, 66], "Medium": [35, 134], "Many": [0, 0]}}