{"Accuracy": 0.08, "image_quantity_level-Accuracy": {"Few": 0, "Medium": 0.08029197080291971, "Many": 0.07936507936507936}, "image_quantity_level-Result": {"Few": [0, 0], "Medium": [11, 137], "Many": [5, 63]}}