{"Accuracy": 0.34, "image_quantity_level-Accuracy": {"Few": 0, "Medium": 0.33793103448275863, "Many": 0.34545454545454546}, "image_quantity_level-Result": {"Few": [0, 0], "Medium": [49, 145], "Many": [19, 55]}}