{"Accuracy": 0.575, "image_quantity_level-Accuracy": {"Few": 0, "Medium": 0.5241935483870968, "Many": 0.6578947368421053}, "image_quantity_level-Result": {"Few": [0, 0], "Medium": [65, 124], "Many": [50, 76]}}