{"Rouge-L f": 0.22737566979792256, "image_quantity_level-Accuracy": {"Few": 0.22737566979792256, "Medium": 0, "Many": 0}, "image_quantity_level-Result": {"Few": [45.47513395958448, 200], "Medium": [0, 0], "Many": [0, 0]}}