{"Accuracy": 0.285, "image_quantity_level-Accuracy": {"Few": 0.3181818181818182, "Medium": 0.26865671641791045, "Many": 0}, "image_quantity_level-Result": {"Few": [21, 66], "Medium": [36, 134], "Many": [0, 0]}}