{"Accuracy": 0.54, "image_quantity_level-Accuracy": {"Few": 0, "Medium": 0.653276955602537, "Many": 0.11811023622047244}, "image_quantity_level-Result": {"Few": [0, 0], "Medium": [309, 473], "Many": [15, 127]}}