{"Accuracy": 0.11, "image_quantity_level-Accuracy": {"Few": 0, "Medium": 0.1331923890063425, "Many": 0.023622047244094488}, "image_quantity_level-Result": {"Few": [0, 0], "Medium": [63, 473], "Many": [3, 127]}}