{"Accuracy": 0.33, "image_quantity_level-Accuracy": {"Few": 0, "Medium": 0.3064516129032258, "Many": 0.3684210526315789}, "image_quantity_level-Result": {"Few": [0, 0], "Medium": [38, 124], "Many": [28, 76]}}