{"Accuracy": 0.075, "image_quantity_level-Accuracy": {"Few": 0, "Medium": 0.13333333333333333, "Many": 0.07027027027027027}, "image_quantity_level-Result": {"Few": [0, 0], "Medium": [2, 15], "Many": [13, 185]}}