{"Accuracy": 0.765, "image_quantity_level-Accuracy": {"Few": 0.7556818181818182, "Medium": 0.8333333333333334, "Many": 0}, "image_quantity_level-Result": {"Few": [133, 176], "Medium": [20, 24], "Many": [0, 0]}}