{"Accuracy": 0.36, "image_quantity_level-Accuracy": {"Few": 0, "Medium": 0.26666666666666666, "Many": 0.3675675675675676}, "image_quantity_level-Result": {"Few": [0, 0], "Medium": [4, 15], "Many": [68, 185]}}