{"Accuracy": 0.76, "image_quantity_level-Accuracy": {"Few": 0.8181818181818182, "Medium": 0.7313432835820896, "Many": 0}, "image_quantity_level-Result": {"Few": [54, 66], "Medium": [98, 134], "Many": [0, 0]}}