{"Accuracy": 0.26, "image_quantity_level-Accuracy": {"Few": 0.22916666666666666, "Medium": 0.28846153846153844, "Many": 0}, "image_quantity_level-Result": {"Few": [22, 96], "Medium": [30, 104], "Many": [0, 0]}}