{"Accuracy": 0.775, "image_quantity_level-Accuracy": {"Few": 0.8181818181818182, "Medium": 0.753731343283582, "Many": 0}, "image_quantity_level-Result": {"Few": [54, 66], "Medium": [101, 134], "Many": [0, 0]}}