{"Accuracy": 0.16, "image_quantity_level-Accuracy": {"Few": 0.16756756756756758, "Medium": 0.06666666666666667, "Many": 0}, "image_quantity_level-Result": {"Few": [31, 185], "Medium": [1, 15], "Many": [0, 0]}}