{"Rouge-L f": 0.2453905576201052, "image_quantity_level-Accuracy": {"Few": 0.2453905576201052, "Medium": 0, "Many": 0}, "image_quantity_level-Result": {"Few": [49.078111524021026, 200], "Medium": [0, 0], "Many": [0, 0]}}