{"Accuracy": 0.155, "image_quantity_level-Accuracy": {"Few": 0, "Medium": 0.16296296296296298, "Many": 0.13846153846153847}, "image_quantity_level-Result": {"Few": [0, 0], "Medium": [22, 135], "Many": [9, 65]}}