{"Accuracy": 0.765625, "image_quantity_level-Accuracy": {"Few": 0.8, "Medium": 0.8153846153846154, "Many": 0.7235294117647059}, "image_quantity_level-Result": {"Few": [16, 20], "Medium": [106, 130], "Many": [123, 170]}}