{"Accuracy": 0.13, "image_quantity_level-Accuracy": {"Few": 0.13636363636363635, "Medium": 0.08333333333333333, "Many": 0}, "image_quantity_level-Result": {"Few": [24, 176], "Medium": [2, 24], "Many": [0, 0]}}