{"Accuracy": 0.445, "image_quantity_level-Accuracy": {"Few": 0, "Medium": 0.4482758620689655, "Many": 0.43636363636363634}, "image_quantity_level-Result": {"Few": [0, 0], "Medium": [65, 145], "Many": [24, 55]}}