{"Accuracy": 0.45, "image_quantity_level-Accuracy": {"Few": 0, "Medium": 0.5377358490566038, "Many": 0.35106382978723405}, "image_quantity_level-Result": {"Few": [0, 0], "Medium": [57, 106], "Many": [33, 94]}}