{"Accuracy": 0.355, "image_quantity_level-Accuracy": {"Few": 0.3333333333333333, "Medium": 0.3656716417910448, "Many": 0}, "image_quantity_level-Result": {"Few": [22, 66], "Medium": [49, 134], "Many": [0, 0]}}