{"Rouge-L f": 0.3942665065503178, "image_quantity_level-Accuracy": {"Few": 0.3942665065503178, "Medium": 0, "Many": 0}, "image_quantity_level-Result": {"Few": [78.85330131006361, 200], "Medium": [0, 0], "Many": [0, 0]}}