{"Rouge-L f": 0.20885419149678464, "image_quantity_level-Accuracy": {"Few": 0.20885419149678464, "Medium": 0, "Many": 0}, "image_quantity_level-Result": {"Few": [41.770838299356896, 200], "Medium": [0, 0], "Many": [0, 0]}}