{"Rouge-L f": 0.22620231040433011, "image_quantity_level-Accuracy": {"Few": 0.22620231040433011, "Medium": 0, "Many": 0}, "image_quantity_level-Result": {"Few": [45.24046208086602, 200], "Medium": [0, 0], "Many": [0, 0]}}