{"Rouge-L f": 0.3789207689514768, "image_quantity_level-Accuracy": {"Few": 0.3789207689514768, "Medium": 0, "Many": 0}, "image_quantity_level-Result": {"Few": [75.78415379029542, 200], "Medium": [0, 0], "Many": [0, 0]}}