{"Accuracy": 0.095, "image_quantity_level-Accuracy": {"Few": 0, "Medium": 0.0948905109489051, "Many": 0.09523809523809523}, "image_quantity_level-Result": {"Few": [0, 0], "Medium": [13, 137], "Many": [6, 63]}}