{"Accuracy": 0.790625, "image_quantity_level-Accuracy": {"Few": 0.8, "Medium": 0.8076923076923077, "Many": 0.7764705882352941}, "image_quantity_level-Result": {"Few": [16, 20], "Medium": [105, 130], "Many": [132, 170]}}