{"Accuracy": 0.785, "image_quantity_level-Accuracy": {"Few": 0, "Medium": 0.7883211678832117, "Many": 0.7777777777777778}, "image_quantity_level-Result": {"Few": [0, 0], "Medium": [108, 137], "Many": [49, 63]}}