{"Rouge-L f": 0.18924180568213803, "image_quantity_level-Accuracy": {"Few": 0.18924180568213803, "Medium": 0, "Many": 0}, "image_quantity_level-Result": {"Few": [37.84836113642759, 200], "Medium": [0, 0], "Many": [0, 0]}}