{"Accuracy": 0.03, "image_quantity_level-Accuracy": {"Few": 0, "Medium": 0.014598540145985401, "Many": 0.06349206349206349}, "image_quantity_level-Result": {"Few": [0, 0], "Medium": [2, 137], "Many": [4, 63]}}