{"Rouge-L f": 0.33865008015081843, "image_quantity_level-Accuracy": {"Few": 0.33865008015081843, "Medium": 0, "Many": 0}, "image_quantity_level-Result": {"Few": [67.73001603016371, 200], "Medium": [0, 0], "Many": [0, 0]}}