{"Rouge-L f": 0.1485695257099528, "image_quantity_level-Accuracy": {"Few": 0.1485695257099528, "Medium": 0, "Many": 0}, "image_quantity_level-Result": {"Few": [29.71390514199056, 200], "Medium": [0, 0], "Many": [0, 0]}}