{"Accuracy": 0.135, "image_quantity_level-Accuracy": {"Few": 0, "Medium": 0.16701902748414377, "Many": 0.015748031496062992}, "image_quantity_level-Result": {"Few": [0, 0], "Medium": [79, 473], "Many": [2, 127]}}