{"Accuracy": 0.055, "image_quantity_level-Accuracy": {"Few": 0, "Medium": 0.04519774011299435, "Many": 0.13043478260869565}, "image_quantity_level-Result": {"Few": [0, 0], "Medium": [8, 177], "Many": [3, 23]}}