{"Accuracy": 0.44, "image_quantity_level-Accuracy": {"Few": 0.4791666666666667, "Medium": 0.40384615384615385, "Many": 0}, "image_quantity_level-Result": {"Few": [46, 96], "Medium": [42, 104], "Many": [0, 0]}}