{"Accuracy": 0.445, "image_quantity_level-Accuracy": {"Few": 0, "Medium": 0.49056603773584906, "Many": 0.39361702127659576}, "image_quantity_level-Result": {"Few": [0, 0], "Medium": [52, 106], "Many": [37, 94]}}