{"Accuracy": 0.19, "image_quantity_level-Accuracy": {"Few": 0.21212121212121213, "Medium": 0.1791044776119403, "Many": 0}, "image_quantity_level-Result": {"Few": [14, 66], "Medium": [24, 134], "Many": [0, 0]}}