{"Accuracy": 0.735, "image_quantity_level-Accuracy": {"Few": 0.7102272727272727, "Medium": 0.9166666666666666, "Many": 0}, "image_quantity_level-Result": {"Few": [125, 176], "Medium": [22, 24], "Many": [0, 0]}}