{"Rouge-L f": 0.2557605325624652, "image_quantity_level-Accuracy": {"Few": 0.2557605325624652, "Medium": 0, "Many": 0}, "image_quantity_level-Result": {"Few": [51.15210651249305, 200], "Medium": [0, 0], "Many": [0, 0]}}