{"Rouge-L f": 0.3550752721626386, "image_quantity_level-Accuracy": {"Few": 0.3550752721626386, "Medium": 0, "Many": 0}, "image_quantity_level-Result": {"Few": [71.01505443252773, 200], "Medium": [0, 0], "Many": [0, 0]}}