{"Rouge-L f": 0.2593982050339341, "image_quantity_level-Accuracy": {"Few": 0.2593982050339341, "Medium": 0, "Many": 0}, "image_quantity_level-Result": {"Few": [51.879641006786805, 200], "Medium": [0, 0], "Many": [0, 0]}}