{"Accuracy": 0.13, "image_quantity_level-Accuracy": {"Few": 0, "Medium": 0.13138686131386862, "Many": 0.12698412698412698}, "image_quantity_level-Result": {"Few": [0, 0], "Medium": [18, 137], "Many": [8, 63]}}