{"Accuracy": 0.915, "image_quantity_level-Accuracy": {"Few": 0.9297297297297298, "Medium": 0.7333333333333333, "Many": 0}, "image_quantity_level-Result": {"Few": [172, 185], "Medium": [11, 15], "Many": [0, 0]}}