{"Accuracy": 0.10833333333333334, "image_quantity_level-Accuracy": {"Few": 0, "Medium": 0.1331923890063425, "Many": 0.015748031496062992}, "image_quantity_level-Result": {"Few": [0, 0], "Medium": [63, 473], "Many": [2, 127]}}