{"Accuracy": 0.32, "image_quantity_level-Accuracy": {"Few": 0, "Medium": 0.41509433962264153, "Many": 0.2127659574468085}, "image_quantity_level-Result": {"Few": [0, 0], "Medium": [44, 106], "Many": [20, 94]}}