{"Accuracy": 0.195, "image_quantity_level-Accuracy": {"Few": 0, "Medium": 0.20754716981132076, "Many": 0.18085106382978725}, "image_quantity_level-Result": {"Few": [0, 0], "Medium": [22, 106], "Many": [17, 94]}}