{"Rouge-L f": 0.11393248254026052, "image_quantity_level-Accuracy": {"Few": 0.11393248254026052, "Medium": 0, "Many": 0}, "image_quantity_level-Result": {"Few": [22.78649650805211, 200], "Medium": [0, 0], "Many": [0, 0]}}