{"Accuracy": 0.29, "image_quantity_level-Accuracy": {"Few": 0, "Medium": 0.288135593220339, "Many": 0.30434782608695654}, "image_quantity_level-Result": {"Few": [0, 0], "Medium": [51, 177], "Many": [7, 23]}}