{"Accuracy": 0.155, "image_quantity_level-Accuracy": {"Few": 0, "Medium": 0.26666666666666666, "Many": 0.14594594594594595}, "image_quantity_level-Result": {"Few": [0, 0], "Medium": [4, 15], "Many": [27, 185]}}