{"Accuracy": 0.4116666666666667, "image_quantity_level-Accuracy": {"Few": 0, "Medium": 0.5116279069767442, "Many": 0.03937007874015748}, "image_quantity_level-Result": {"Few": [0, 0], "Medium": [242, 473], "Many": [5, 127]}}