{"Rouge-L f": 0.1374930495522287, "image_quantity_level-Accuracy": {"Few": 0.1374930495522287, "Medium": 0, "Many": 0}, "image_quantity_level-Result": {"Few": [27.498609910445744, 200], "Medium": [0, 0], "Many": [0, 0]}}