{"Accuracy": 0.755, "image_quantity_level-Accuracy": {"Few": 0.7613636363636364, "Medium": 0.7083333333333334, "Many": 0}, "image_quantity_level-Result": {"Few": [134, 176], "Medium": [17, 24], "Many": [0, 0]}}