{"Accuracy": 0.405, "image_quantity_level-Accuracy": {"Few": 0, "Medium": 0.4339622641509434, "Many": 0.3723404255319149}, "image_quantity_level-Result": {"Few": [0, 0], "Medium": [46, 106], "Many": [35, 94]}}