{"Accuracy": 0.4, "image_quantity_level-Accuracy": {"Few": 0, "Medium": 0.3333333333333333, "Many": 0.40540540540540543}, "image_quantity_level-Result": {"Few": [0, 0], "Medium": [5, 15], "Many": [75, 185]}}