{"Accuracy": 0.76, "image_quantity_level-Accuracy": {"Few": 0, "Medium": 0.7445255474452555, "Many": 0.7936507936507936}, "image_quantity_level-Result": {"Few": [0, 0], "Medium": [102, 137], "Many": [50, 63]}}