{"Accuracy": 0.19, "image_quantity_level-Accuracy": {"Few": 0, "Medium": 0.1693548387096774, "Many": 0.2236842105263158}, "image_quantity_level-Result": {"Few": [0, 0], "Medium": [21, 124], "Many": [17, 76]}}