{"Rouge-L f": 0.149112826353479, "image_quantity_level-Accuracy": {"Few": 0.149112826353479, "Medium": 0, "Many": 0}, "image_quantity_level-Result": {"Few": [29.82256527069578, 200], "Medium": [0, 0], "Many": [0, 0]}}