{"Accuracy": 0.725, "image_quantity_level-Accuracy": {"Few": 0.7102272727272727, "Medium": 0.8333333333333334, "Many": 0}, "image_quantity_level-Result": {"Few": [125, 176], "Medium": [20, 24], "Many": [0, 0]}}