{"Accuracy": 0.27, "image_quantity_level-Accuracy": {"Few": 0.25757575757575757, "Medium": 0.27611940298507465, "Many": 0}, "image_quantity_level-Result": {"Few": [17, 66], "Medium": [37, 134], "Many": [0, 0]}}