{"Accuracy": 0.24, "image_quantity_level-Accuracy": {"Few": 0, "Medium": 0.24293785310734464, "Many": 0.21739130434782608}, "image_quantity_level-Result": {"Few": [0, 0], "Medium": [43, 177], "Many": [5, 23]}}