{"Accuracy": 0.79, "image_quantity_level-Accuracy": {"Few": 0, "Medium": 0.7903225806451613, "Many": 0.7894736842105263}, "image_quantity_level-Result": {"Few": [0, 0], "Medium": [98, 124], "Many": [60, 76]}}