{"Rouge-L f": 0.12802802151384685, "image_quantity_level-Accuracy": {"Few": 0.12802802151384685, "Medium": 0, "Many": 0}, "image_quantity_level-Result": {"Few": [25.605604302769375, 200], "Medium": [0, 0], "Many": [0, 0]}}