{"Accuracy": 0.525, "image_quantity_level-Accuracy": {"Few": 0, "Medium": 0.642706131078224, "Many": 0.08661417322834646}, "image_quantity_level-Result": {"Few": [0, 0], "Medium": [304, 473], "Many": [11, 127]}}