{"Rouge-L f": 0.2170315640175129, "image_quantity_level-Accuracy": {"Few": 0.2170315640175129, "Medium": 0, "Many": 0}, "image_quantity_level-Result": {"Few": [43.4063128035026, 200], "Medium": [0, 0], "Many": [0, 0]}}