{"Accuracy": 0.11833333333333333, "image_quantity_level-Accuracy": {"Few": 0, "Medium": 0.14799154334038056, "Many": 0.007874015748031496}, "image_quantity_level-Result": {"Few": [0, 0], "Medium": [70, 473], "Many": [1, 127]}}