{"Accuracy": 0.27, "image_quantity_level-Accuracy": {"Few": 0.23958333333333334, "Medium": 0.2980769230769231, "Many": 0}, "image_quantity_level-Result": {"Few": [23, 96], "Medium": [31, 104], "Many": [0, 0]}}