{"Accuracy": 0.795, "image_quantity_level-Accuracy": {"Few": 0, "Medium": 0.7851851851851852, "Many": 0.8153846153846154}, "image_quantity_level-Result": {"Few": [0, 0], "Medium": [106, 135], "Many": [53, 65]}}