{"Accuracy": 0.27, "image_quantity_level-Accuracy": {"Few": 0, "Medium": 0.3490566037735849, "Many": 0.18085106382978725}, "image_quantity_level-Result": {"Few": [0, 0], "Medium": [37, 106], "Many": [17, 94]}}