{"Accuracy": 0.53, "image_quantity_level-Accuracy": {"Few": 0.5520833333333334, "Medium": 0.5096153846153846, "Many": 0}, "image_quantity_level-Result": {"Few": [53, 96], "Medium": [53, 104], "Many": [0, 0]}}