{"Accuracy": 0.805, "image_quantity_level-Accuracy": {"Few": 0, "Medium": 0.8306451612903226, "Many": 0.7631578947368421}, "image_quantity_level-Result": {"Few": [0, 0], "Medium": [103, 124], "Many": [58, 76]}}