{"Accuracy": 0.55, "image_quantity_level-Accuracy": {"Few": 1.0, "Medium": 0.9076923076923077, "Many": 0.2235294117647059}, "image_quantity_level-Result": {"Few": [20, 20], "Medium": [118, 130], "Many": [38, 170]}}