{"Accuracy": 0.315, "image_quantity_level-Accuracy": {"Few": 0, "Medium": 0.3050847457627119, "Many": 0.391304347826087}, "image_quantity_level-Result": {"Few": [0, 0], "Medium": [54, 177], "Many": [9, 23]}}