{"Accuracy": 0.815, "image_quantity_level-Accuracy": {"Few": 0, "Medium": 0.7956204379562044, "Many": 0.8571428571428571}, "image_quantity_level-Result": {"Few": [0, 0], "Medium": [109, 137], "Many": [54, 63]}}