{"Accuracy": 0.195, "image_quantity_level-Accuracy": {"Few": 0.19886363636363635, "Medium": 0.16666666666666666, "Many": 0}, "image_quantity_level-Result": {"Few": [35, 176], "Medium": [4, 24], "Many": [0, 0]}}