{"Accuracy": 0.045, "image_quantity_level-Accuracy": {"Few": 0, "Medium": 0.04827586206896552, "Many": 0.03636363636363636}, "image_quantity_level-Result": {"Few": [0, 0], "Medium": [7, 145], "Many": [2, 55]}}