{"Rouge-L f": 0.24754137435850854, "image_quantity_level-Accuracy": {"Few": 0.24754137435850854, "Medium": 0, "Many": 0}, "image_quantity_level-Result": {"Few": [49.508274871701694, 200], "Medium": [0, 0], "Many": [0, 0]}}