{"Accuracy": 0.2, "image_quantity_level-Accuracy": {"Few": 0.16666666666666666, "Medium": 0.21641791044776118, "Many": 0}, "image_quantity_level-Result": {"Few": [11, 66], "Medium": [29, 134], "Many": [0, 0]}}