{"Rouge-L f": 0.12672922212746657, "image_quantity_level-Accuracy": {"Few": 0.12672922212746657, "Medium": 0, "Many": 0}, "image_quantity_level-Result": {"Few": [25.34584442549331, 200], "Medium": [0, 0], "Many": [0, 0]}}