{"Accuracy": 0.225, "image_quantity_level-Accuracy": {"Few": 0.6, "Medium": 0.27692307692307694, "Many": 0.1411764705882353}, "image_quantity_level-Result": {"Few": [12, 20], "Medium": [36, 130], "Many": [24, 170]}}