{"Accuracy": 0.5783333333333334, "image_quantity_level-Accuracy": {"Few": 0, "Medium": 0.7040169133192389, "Many": 0.11023622047244094}, "image_quantity_level-Result": {"Few": [0, 0], "Medium": [333, 473], "Many": [14, 127]}}