{"Accuracy": 0.06, "image_quantity_level-Accuracy": {"Few": 0, "Medium": 0.06666666666666667, "Many": 0.05945945945945946}, "image_quantity_level-Result": {"Few": [0, 0], "Medium": [1, 15], "Many": [11, 185]}}