{"Accuracy": 0.10333333333333333, "image_quantity_level-Accuracy": {"Few": 0, "Medium": 0.12684989429175475, "Many": 0.015748031496062992}, "image_quantity_level-Result": {"Few": [0, 0], "Medium": [60, 473], "Many": [2, 127]}}