{"Accuracy": 0.31, "image_quantity_level-Accuracy": {"Few": 0, "Medium": 0.32413793103448274, "Many": 0.2727272727272727}, "image_quantity_level-Result": {"Few": [0, 0], "Medium": [47, 145], "Many": [15, 55]}}