{"Rouge-L f": 0.09782818586831184, "image_quantity_level-Accuracy": {"Few": 0.09782818586831184, "Medium": 0, "Many": 0}, "image_quantity_level-Result": {"Few": [19.565637173662367, 200], "Medium": [0, 0], "Many": [0, 0]}}