{"Accuracy": 0.125, "image_quantity_level-Accuracy": {"Few": 0, "Medium": 0.12096774193548387, "Many": 0.13157894736842105}, "image_quantity_level-Result": {"Few": [0, 0], "Medium": [15, 124], "Many": [10, 76]}}