{"Rouge-L f": 0.11301747150109598, "image_quantity_level-Accuracy": {"Few": 0.11301747150109598, "Medium": 0, "Many": 0}, "image_quantity_level-Result": {"Few": [22.603494300219204, 200], "Medium": [0, 0], "Many": [0, 0]}}