{"Accuracy": 0.705, "image_quantity_level-Accuracy": {"Few": 0.7272727272727273, "Medium": 0.6940298507462687, "Many": 0}, "image_quantity_level-Result": {"Few": [48, 66], "Medium": [93, 134], "Many": [0, 0]}}