{"Rouge-L f": 0.1792015786409901, "image_quantity_level-Accuracy": {"Few": 0.1792015786409901, "Medium": 0, "Many": 0}, "image_quantity_level-Result": {"Few": [35.840315728198014, 200], "Medium": [0, 0], "Many": [0, 0]}}