{"Accuracy": 0.29, "image_quantity_level-Accuracy": {"Few": 0.2916666666666667, "Medium": 0.28846153846153844, "Many": 0}, "image_quantity_level-Result": {"Few": [28, 96], "Medium": [30, 104], "Many": [0, 0]}}