{"Accuracy": 0.78, "image_quantity_level-Accuracy": {"Few": 0, "Medium": 0.781021897810219, "Many": 0.7777777777777778}, "image_quantity_level-Result": {"Few": [0, 0], "Medium": [107, 137], "Many": [49, 63]}}