{"Rouge-L f": 0.2413148429224337, "image_quantity_level-Accuracy": {"Few": 0.2413148429224337, "Medium": 0, "Many": 0}, "image_quantity_level-Result": {"Few": [48.262968584486714, 200], "Medium": [0, 0], "Many": [0, 0]}}