{"Accuracy": 0.29, "image_quantity_level-Accuracy": {"Few": 0, "Medium": 0.3310344827586207, "Many": 0.18181818181818182}, "image_quantity_level-Result": {"Few": [0, 0], "Medium": [48, 145], "Many": [10, 55]}}