{
    "retrieval-text-test": [
        0.872265,
        0.894306,
        0.838059,
        0.832733,
        0.794489,
        0.803477,
        0.802766,
        0.765235,
        0.758453,
        0.661856,
        0.60056
    ],
    "average": 0.7840180909090908,
    "weighted_acc": [
        0.8756756756756757,
        0.8947368421052632,
        0.8361581920903954,
        0.8327272727272728,
        0.7926829268292683,
        0.8005540166204986,
        0.8035714285714286,
        0.7610619469026548,
        0.7741935483870968,
        0.6655737704918033,
        0.5897435897435898
    ],
    "sample_number_array": [
        185.0,
        342.0,
        354.0,
        275.0,
        246.0,
        361.0,
        224.0,
        226.0,
        124.0,
        305.0,
        312.0
    ],
    "weighted_avg_acc": 0.7868003882238758,
    "context_ranges": [
        "1k",
        "2k",
        "4k",
        "8k",
        "12k",
        "16k",
        "24k",
        "32k",
        "40k",
        "48k",
        "64k"
    ]
}