{"Rouge-L f": 0.1092427172649764, "image_quantity_level-Accuracy": {"Few": 0.1092427172649764, "Medium": 0, "Many": 0}, "image_quantity_level-Result": {"Few": [21.848543452995266, 200], "Medium": [0, 0], "Many": [0, 0]}}