{"Accuracy": 0.745, "image_quantity_level-Accuracy": {"Few": 0.803030303030303, "Medium": 0.7164179104477612, "Many": 0}, "image_quantity_level-Result": {"Few": [53, 66], "Medium": [96, 134], "Many": [0, 0]}}