{"Rouge-L f": 0.2764694109509348, "image_quantity_level-Accuracy": {"Few": 0.2764694109509348, "Medium": 0, "Many": 0}, "image_quantity_level-Result": {"Few": [55.29388219018694, 200], "Medium": [0, 0], "Many": [0, 0]}}