{"Accuracy": 0.09333333333333334, "image_quantity_level-Accuracy": {"Few": 0, "Medium": 0.11627906976744186, "Many": 0.007874015748031496}, "image_quantity_level-Result": {"Few": [0, 0], "Medium": [55, 473], "Many": [1, 127]}}