{"Accuracy": 0.29, "image_quantity_level-Accuracy": {"Few": 0, "Medium": 0.3584905660377358, "Many": 0.2127659574468085}, "image_quantity_level-Result": {"Few": [0, 0], "Medium": [38, 106], "Many": [20, 94]}}