{"Accuracy": 0.34, "image_quantity_level-Accuracy": {"Few": 0, "Medium": 0.327683615819209, "Many": 0.43478260869565216}, "image_quantity_level-Result": {"Few": [0, 0], "Medium": [58, 177], "Many": [10, 23]}}