{"Accuracy": 0.265, "image_quantity_level-Accuracy": {"Few": 0.2604166666666667, "Medium": 0.2692307692307692, "Many": 0}, "image_quantity_level-Result": {"Few": [25, 96], "Medium": [28, 104], "Many": [0, 0]}}