{"Rouge-L f": 0.1254791421695912, "image_quantity_level-Accuracy": {"Few": 0.1254791421695912, "Medium": 0, "Many": 0}, "image_quantity_level-Result": {"Few": [25.095828433918246, 200], "Medium": [0, 0], "Many": [0, 0]}}