{"Accuracy": 0.83, "image_quantity_level-Accuracy": {"Few": 0, "Medium": 0.8064516129032258, "Many": 0.868421052631579}, "image_quantity_level-Result": {"Few": [0, 0], "Medium": [100, 124], "Many": [66, 76]}}