{"Accuracy": 0.725, "image_quantity_level-Accuracy": {"Few": 0.7575757575757576, "Medium": 0.7089552238805971, "Many": 0}, "image_quantity_level-Result": {"Few": [50, 66], "Medium": [95, 134], "Many": [0, 0]}}