{"Accuracy": 0.32, "image_quantity_level-Accuracy": {"Few": 0, "Medium": 0.35172413793103446, "Many": 0.23636363636363636}, "image_quantity_level-Result": {"Few": [0, 0], "Medium": [51, 145], "Many": [13, 55]}}