{"Accuracy": 0.10666666666666667, "image_quantity_level-Accuracy": {"Few": 0, "Medium": 0.13107822410147993, "Many": 0.015748031496062992}, "image_quantity_level-Result": {"Few": [0, 0], "Medium": [62, 473], "Many": [2, 127]}}