{"Rouge-L f": 0.1783088262618856, "image_quantity_level-Accuracy": {"Few": 0.1783088262618856, "Medium": 0, "Many": 0}, "image_quantity_level-Result": {"Few": [35.6617652523771, 200], "Medium": [0, 0], "Many": [0, 0]}}