{"Accuracy": 0.27, "image_quantity_level-Accuracy": {"Few": 0, "Medium": 0.25925925925925924, "Many": 0.2923076923076923}, "image_quantity_level-Result": {"Few": [0, 0], "Medium": [35, 135], "Many": [19, 65]}}