{"Rouge-L f": 0.22219042878324932, "image_quantity_level-Accuracy": {"Few": 0.22219042878324932, "Medium": 0, "Many": 0}, "image_quantity_level-Result": {"Few": [44.43808575664983, 200], "Medium": [0, 0], "Many": [0, 0]}}