{"Rouge-L f": 0.3903526962918158, "image_quantity_level-Accuracy": {"Few": 0.3903526962918158, "Medium": 0, "Many": 0}, "image_quantity_level-Result": {"Few": [78.07053925836317, 200], "Medium": [0, 0], "Many": [0, 0]}}