{"Rouge-L f": 0.26571882299353666, "image_quantity_level-Accuracy": {"Few": 0.26571882299353666, "Medium": 0, "Many": 0}, "image_quantity_level-Result": {"Few": [53.14376459870732, 200], "Medium": [0, 0], "Many": [0, 0]}}