{"Rouge-L f": 0.17923378237030324, "image_quantity_level-Accuracy": {"Few": 0.17923378237030324, "Medium": 0, "Many": 0}, "image_quantity_level-Result": {"Few": [35.84675647406064, 200], "Medium": [0, 0], "Many": [0, 0]}}