{"Accuracy": 0.27, "image_quantity_level-Accuracy": {"Few": 0, "Medium": 0.2827586206896552, "Many": 0.23636363636363636}, "image_quantity_level-Result": {"Few": [0, 0], "Medium": [41, 145], "Many": [13, 55]}}