{"Accuracy": 0.75, "image_quantity_level-Accuracy": {"Few": 0, "Medium": 0.7591240875912408, "Many": 0.7301587301587301}, "image_quantity_level-Result": {"Few": [0, 0], "Medium": [104, 137], "Many": [46, 63]}}