{"Rouge-L f": 0.37959902796613393, "image_quantity_level-Accuracy": {"Few": 0.37959902796613393, "Medium": 0, "Many": 0}, "image_quantity_level-Result": {"Few": [75.91980559322681, 200], "Medium": [0, 0], "Many": [0, 0]}}