{"Accuracy": 0.315, "image_quantity_level-Accuracy": {"Few": 0, "Medium": 0.3867924528301887, "Many": 0.23404255319148937}, "image_quantity_level-Result": {"Few": [0, 0], "Medium": [41, 106], "Many": [22, 94]}}