{"Rouge-L f": 0.12203480956689336, "image_quantity_level-Accuracy": {"Few": 0.12203480956689336, "Medium": 0, "Many": 0}, "image_quantity_level-Result": {"Few": [24.406961913378684, 200], "Medium": [0, 0], "Many": [0, 0]}}