{"Accuracy": 0.285, "image_quantity_level-Accuracy": {"Few": 0, "Medium": 0.2824858757062147, "Many": 0.30434782608695654}, "image_quantity_level-Result": {"Few": [0, 0], "Medium": [50, 177], "Many": [7, 23]}}