{"Accuracy": 0.23, "image_quantity_level-Accuracy": {"Few": 0, "Medium": 0.24193548387096775, "Many": 0.21052631578947367}, "image_quantity_level-Result": {"Few": [0, 0], "Medium": [30, 124], "Many": [16, 76]}}