{"Accuracy": 0.125, "image_quantity_level-Accuracy": {"Few": 0, "Medium": 0.15555555555555556, "Many": 0.06153846153846154}, "image_quantity_level-Result": {"Few": [0, 0], "Medium": [21, 135], "Many": [4, 65]}}