{"Rouge-L f": 0.28173167643578756, "image_quantity_level-Accuracy": {"Few": 0.28173167643578756, "Medium": 0, "Many": 0}, "image_quantity_level-Result": {"Few": [56.3463352871575, 200], "Medium": [0, 0], "Many": [0, 0]}}