{"Accuracy": 0.09, "image_quantity_level-Accuracy": {"Few": 0, "Medium": 0.0962962962962963, "Many": 0.07692307692307693}, "image_quantity_level-Result": {"Few": [0, 0], "Medium": [13, 135], "Many": [5, 65]}}