{"Accuracy": 0.375, "image_quantity_level-Accuracy": {"Few": 0, "Medium": 0.40145985401459855, "Many": 0.31746031746031744}, "image_quantity_level-Result": {"Few": [0, 0], "Medium": [55, 137], "Many": [20, 63]}}