{"Accuracy": 0.21, "image_quantity_level-Accuracy": {"Few": 0.2159090909090909, "Medium": 0.16666666666666666, "Many": 0}, "image_quantity_level-Result": {"Few": [38, 176], "Medium": [4, 24], "Many": [0, 0]}}