{"Accuracy": 0.125, "image_quantity_level-Accuracy": {"Few": 0, "Medium": 0.13333333333333333, "Many": 0.12432432432432433}, "image_quantity_level-Result": {"Few": [0, 0], "Medium": [2, 15], "Many": [23, 185]}}