{"Accuracy": 0.295, "image_quantity_level-Accuracy": {"Few": 0, "Medium": 0.32413793103448274, "Many": 0.21818181818181817}, "image_quantity_level-Result": {"Few": [0, 0], "Medium": [47, 145], "Many": [12, 55]}}