{"Accuracy": 0.19, "image_quantity_level-Accuracy": {"Few": 0, "Medium": 0.16129032258064516, "Many": 0.23684210526315788}, "image_quantity_level-Result": {"Few": [0, 0], "Medium": [20, 124], "Many": [18, 76]}}