{"Rouge-L f": 0.38856754348760314, "image_quantity_level-Accuracy": {"Few": 0.38856754348760314, "Medium": 0, "Many": 0}, "image_quantity_level-Result": {"Few": [77.71350869752067, 200], "Medium": [0, 0], "Many": [0, 0]}}