{"Rouge-L f": 0.3612254549720423, "image_quantity_level-Accuracy": {"Few": 0.3612254549720423, "Medium": 0, "Many": 0}, "image_quantity_level-Result": {"Few": [72.24509099440849, 200], "Medium": [0, 0], "Many": [0, 0]}}