{"Rouge-L f": 0.3803815721878703, "image_quantity_level-Accuracy": {"Few": 0.3803815721878703, "Medium": 0, "Many": 0}, "image_quantity_level-Result": {"Few": [76.0763144375741, 200], "Medium": [0, 0], "Many": [0, 0]}}