{"Accuracy": 0.31, "image_quantity_level-Accuracy": {"Few": 0.3229166666666667, "Medium": 0.2980769230769231, "Many": 0}, "image_quantity_level-Result": {"Few": [31, 96], "Medium": [31, 104], "Many": [0, 0]}}