{"Accuracy": 0.795, "image_quantity_level-Accuracy": {"Few": 0, "Medium": 0.7661290322580645, "Many": 0.8421052631578947}, "image_quantity_level-Result": {"Few": [0, 0], "Medium": [95, 124], "Many": [64, 76]}}