{"Rouge-L f": 0.23416938100227064, "image_quantity_level-Accuracy": {"Few": 0.23416938100227064, "Medium": 0, "Many": 0}, "image_quantity_level-Result": {"Few": [46.83387620045412, 200], "Medium": [0, 0], "Many": [0, 0]}}