{"Accuracy": 0.015, "image_quantity_level-Accuracy": {"Few": 0, "Medium": 0.018867924528301886, "Many": 0.010638297872340425}, "image_quantity_level-Result": {"Few": [0, 0], "Medium": [2, 106], "Many": [1, 94]}}