{"Rouge-L f": 0.11767956899512236, "image_quantity_level-Accuracy": {"Few": 0.11767956899512236, "Medium": 0, "Many": 0}, "image_quantity_level-Result": {"Few": [23.53591379902446, 200], "Medium": [0, 0], "Many": [0, 0]}}