{"Rouge-L f": 0.1672966720212168, "image_quantity_level-Accuracy": {"Few": 0.1672966720212168, "Medium": 0, "Many": 0}, "image_quantity_level-Result": {"Few": [33.45933440424335, 200], "Medium": [0, 0], "Many": [0, 0]}}