{"Rouge-L f": 0.23037389491056012, "image_quantity_level-Accuracy": {"Few": 0.23037389491056012, "Medium": 0, "Many": 0}, "image_quantity_level-Result": {"Few": [46.07477898211201, 200], "Medium": [0, 0], "Many": [0, 0]}}