{"Accuracy": 0.665, "image_quantity_level-Accuracy": {"Few": 0, "Medium": 0.656934306569343, "Many": 0.6825396825396826}, "image_quantity_level-Result": {"Few": [0, 0], "Medium": [90, 137], "Many": [43, 63]}}