{"Accuracy": 0.11, "image_quantity_level-Accuracy": {"Few": 0, "Medium": 0.13742071881606766, "Many": 0.007874015748031496}, "image_quantity_level-Result": {"Few": [0, 0], "Medium": [65, 473], "Many": [1, 127]}}