{"Accuracy": 0.22, "image_quantity_level-Accuracy": {"Few": 0.22727272727272727, "Medium": 0.21641791044776118, "Many": 0}, "image_quantity_level-Result": {"Few": [15, 66], "Medium": [29, 134], "Many": [0, 0]}}