{"Accuracy": 0.78125, "image_quantity_level-Accuracy": {"Few": 0.8, "Medium": 0.823076923076923, "Many": 0.7470588235294118}, "image_quantity_level-Result": {"Few": [16, 20], "Medium": [107, 130], "Many": [127, 170]}}