{"Rouge-L f": 0.24338241558895984, "image_quantity_level-Accuracy": {"Few": 0.24338241558895984, "Medium": 0, "Many": 0}, "image_quantity_level-Result": {"Few": [48.676483117791946, 200], "Medium": [0, 0], "Many": [0, 0]}}