{"Accuracy": 0.775, "image_quantity_level-Accuracy": {"Few": 0, "Medium": 0.7481481481481481, "Many": 0.8307692307692308}, "image_quantity_level-Result": {"Few": [0, 0], "Medium": [101, 135], "Many": [54, 65]}}