{"Accuracy": 0.665, "image_quantity_level-Accuracy": {"Few": 0, "Medium": 0.674074074074074, "Many": 0.6461538461538462}, "image_quantity_level-Result": {"Few": [0, 0], "Medium": [91, 135], "Many": [42, 65]}}