{"Accuracy": 0.66, "image_quantity_level-Accuracy": {"Few": 0, "Medium": 0.674074074074074, "Many": 0.6307692307692307}, "image_quantity_level-Result": {"Few": [0, 0], "Medium": [91, 135], "Many": [41, 65]}}