{"Accuracy": 0.31, "image_quantity_level-Accuracy": {"Few": 0.3333333333333333, "Medium": 0.28846153846153844, "Many": 0}, "image_quantity_level-Result": {"Few": [32, 96], "Medium": [30, 104], "Many": [0, 0]}}