{"Accuracy": 0.41, "image_quantity_level-Accuracy": {"Few": 0, "Medium": 0.49056603773584906, "Many": 0.3191489361702128}, "image_quantity_level-Result": {"Few": [0, 0], "Medium": [52, 106], "Many": [30, 94]}}