{"Accuracy": 0.18, "image_quantity_level-Accuracy": {"Few": 0.15151515151515152, "Medium": 0.19402985074626866, "Many": 0}, "image_quantity_level-Result": {"Few": [10, 66], "Medium": [26, 134], "Many": [0, 0]}}