{"Accuracy": 0.3, "image_quantity_level-Accuracy": {"Few": 0, "Medium": 0.3103448275862069, "Many": 0.2727272727272727}, "image_quantity_level-Result": {"Few": [0, 0], "Medium": [45, 145], "Many": [15, 55]}}