{
    "retrieval-image-test": [
        0.387191,
        0.332176,
        0.274672,
        0.249968,
        0.166074,
        0.207178,
        0.327259,
        0.396906,
        0.418927,
        0.325265,
        0.267347
    ],
    "average": 0.30481481818181816,
    "weighted_acc": [
        0.36507936507936506,
        0.31645569620253167,
        0.2724458204334365,
        0.24503311258278146,
        0.16538461538461538,
        0.20658682634730538,
        0.32510288065843623,
        0.39814814814814814,
        0.41134751773049644,
        0.32131147540983607,
        0.26865671641791045
    ],
    "sample_number_array": [
        189.0,
        316.0,
        323.0,
        302.0,
        260.0,
        334.0,
        243.0,
        216.0,
        141.0,
        305.0,
        268.0
    ],
    "weighted_avg_acc": 0.291846921797005,
    "context_ranges": [
        "1k",
        "2k",
        "4k",
        "8k",
        "12k",
        "16k",
        "24k",
        "32k",
        "40k",
        "48k",
        "64k"
    ]
}