{"Rouge-L f": 0.1670649230531247, "image_quantity_level-Accuracy": {"Few": 0.1670649230531247, "Medium": 0, "Many": 0}, "image_quantity_level-Result": {"Few": [33.41298461062492, 200], "Medium": [0, 0], "Many": [0, 0]}}