{"Accuracy": 0.135, "image_quantity_level-Accuracy": {"Few": 0, "Medium": 0.12903225806451613, "Many": 0.14473684210526316}, "image_quantity_level-Result": {"Few": [0, 0], "Medium": [16, 124], "Many": [11, 76]}}