{"Rouge-L f": 0.19525961917241466, "image_quantity_level-Accuracy": {"Few": 0.19525961917241466, "Medium": 0, "Many": 0}, "image_quantity_level-Result": {"Few": [39.05192383448292, 200], "Medium": [0, 0], "Many": [0, 0]}}