{"Rouge-L f": 0.17227383427907664, "image_quantity_level-Accuracy": {"Few": 0.17227383427907664, "Medium": 0, "Many": 0}, "image_quantity_level-Result": {"Few": [34.45476685581529, 200], "Medium": [0, 0], "Many": [0, 0]}}