{"Accuracy": 0.53, "image_quantity_level-Accuracy": {"Few": 0.5303030303030303, "Medium": 0.5298507462686567, "Many": 0}, "image_quantity_level-Result": {"Few": [35, 66], "Medium": [71, 134], "Many": [0, 0]}}