{"Accuracy": 0.655, "image_quantity_level-Accuracy": {"Few": 0, "Medium": 0.6444444444444445, "Many": 0.676923076923077}, "image_quantity_level-Result": {"Few": [0, 0], "Medium": [87, 135], "Many": [44, 65]}}