{"Accuracy": 0.36, "image_quantity_level-Accuracy": {"Few": 0, "Medium": 0.3333333333333333, "Many": 0.3621621621621622}, "image_quantity_level-Result": {"Few": [0, 0], "Medium": [5, 15], "Many": [67, 185]}}