{"Accuracy": 0.12, "image_quantity_level-Accuracy": {"Few": 0, "Medium": 0.1111111111111111, "Many": 0.13846153846153847}, "image_quantity_level-Result": {"Few": [0, 0], "Medium": [15, 135], "Many": [9, 65]}}