{"Accuracy": 0.255, "image_quantity_level-Accuracy": {"Few": 0, "Medium": 0.32075471698113206, "Many": 0.18085106382978725}, "image_quantity_level-Result": {"Few": [0, 0], "Medium": [34, 106], "Many": [17, 94]}}