{"Rouge-L f": 0.35064227770828454, "image_quantity_level-Accuracy": {"Few": 0.35064227770828454, "Medium": 0, "Many": 0}, "image_quantity_level-Result": {"Few": [70.12845554165692, 200], "Medium": [0, 0], "Many": [0, 0]}}