{"Rouge-L f": 0.12629096142287605, "image_quantity_level-Accuracy": {"Few": 0.12629096142287605, "Medium": 0, "Many": 0}, "image_quantity_level-Result": {"Few": [25.25819228457522, 200], "Medium": [0, 0], "Many": [0, 0]}}