{"Accuracy": 0.76, "image_quantity_level-Accuracy": {"Few": 0, "Medium": 0.7333333333333333, "Many": 0.8153846153846154}, "image_quantity_level-Result": {"Few": [0, 0], "Medium": [99, 135], "Many": [53, 65]}}