{"Rouge-L f": 0.1747366238630326, "image_quantity_level-Accuracy": {"Few": 0.1747366238630326, "Medium": 0, "Many": 0}, "image_quantity_level-Result": {"Few": [34.947324772606535, 200], "Medium": [0, 0], "Many": [0, 0]}}