{"Accuracy": 0.6, "image_quantity_level-Accuracy": {"Few": 1.0, "Medium": 0.8923076923076924, "Many": 0.32941176470588235}, "image_quantity_level-Result": {"Few": [20, 20], "Medium": [116, 130], "Many": [56, 170]}}