{"Accuracy": 0.295, "image_quantity_level-Accuracy": {"Few": 0, "Medium": 0.296551724137931, "Many": 0.2909090909090909}, "image_quantity_level-Result": {"Few": [0, 0], "Medium": [43, 145], "Many": [16, 55]}}