{"Accuracy": 0.04, "image_quantity_level-Accuracy": {"Few": 0, "Medium": 0.04838709677419355, "Many": 0.02631578947368421}, "image_quantity_level-Result": {"Few": [0, 0], "Medium": [6, 124], "Many": [2, 76]}}