{"Rouge-L f": 0.16147501447618395, "image_quantity_level-Accuracy": {"Few": 0.16147501447618395, "Medium": 0, "Many": 0}, "image_quantity_level-Result": {"Few": [32.2950028952368, 200], "Medium": [0, 0], "Many": [0, 0]}}