{"Accuracy": 0.565625, "image_quantity_level-Accuracy": {"Few": 1.0, "Medium": 0.8384615384615385, "Many": 0.3058823529411765}, "image_quantity_level-Result": {"Few": [20, 20], "Medium": [109, 130], "Many": [52, 170]}}