{"Accuracy": 0.435, "image_quantity_level-Accuracy": {"Few": 0, "Medium": 0.49056603773584906, "Many": 0.3723404255319149}, "image_quantity_level-Result": {"Few": [0, 0], "Medium": [52, 106], "Many": [35, 94]}}