{"Accuracy": 0.075, "image_quantity_level-Accuracy": {"Few": 0, "Medium": 0.06569343065693431, "Many": 0.09523809523809523}, "image_quantity_level-Result": {"Few": [0, 0], "Medium": [9, 137], "Many": [6, 63]}}