{"Rouge-L f": 0.2523925393309549, "image_quantity_level-Accuracy": {"Few": 0.2523925393309549, "Medium": 0, "Many": 0}, "image_quantity_level-Result": {"Few": [50.478507866190974, 200], "Medium": [0, 0], "Many": [0, 0]}}