{"Accuracy": 0.08, "image_quantity_level-Accuracy": {"Few": 0, "Medium": 0.08888888888888889, "Many": 0.06153846153846154}, "image_quantity_level-Result": {"Few": [0, 0], "Medium": [12, 135], "Many": [4, 65]}}