{
    "counting-image-test": [
        0.009091,
        0.0,
        0.000377,
        0.0,
        0.0,
        0.0,
        0.000649,
        0.0,
        0.0,
        0.0,
        0.0
    ],
    "average": 0.0009197272727272728,
    "weighted_acc": [
        0.010638297872340425,
        0.0,
        0.0009861932938856016,
        0.0,
        0.0,
        0.0,
        0.000281214848143982,
        0.0,
        0.0,
        0.0,
        0.0
    ],
    "sample_number_array": [
        94.0,
        154.0,
        338.0,
        316.0,
        231.0,
        333.0,
        254.0,
        211.0,
        140.0,
        296.0,
        294.0
    ],
    "weighted_avg_acc": 0.0005177891281835255,
    "context_ranges": [
        "1k",
        "2k",
        "4k",
        "8k",
        "12k",
        "16k",
        "24k",
        "32k",
        "40k",
        "48k",
        "64k"
    ]
}