{"Accuracy": 0.09833333333333333, "image_quantity_level-Accuracy": {"Few": 0, "Medium": 0.12050739957716702, "Many": 0.015748031496062992}, "image_quantity_level-Result": {"Few": [0, 0], "Medium": [57, 473], "Many": [2, 127]}}