{"Rouge-L f": 0.23618306514432985, "image_quantity_level-Accuracy": {"Few": 0.23618306514432985, "Medium": 0, "Many": 0}, "image_quantity_level-Result": {"Few": [47.23661302886599, 200], "Medium": [0, 0], "Many": [0, 0]}}