{"Rouge-L f": 0.21646765414335573, "image_quantity_level-Accuracy": {"Few": 0.21646765414335573, "Medium": 0, "Many": 0}, "image_quantity_level-Result": {"Few": [43.29353082867113, 200], "Medium": [0, 0], "Many": [0, 0]}}