{"Accuracy": 0.315, "image_quantity_level-Accuracy": {"Few": 0, "Medium": 0.4056603773584906, "Many": 0.2127659574468085}, "image_quantity_level-Result": {"Few": [0, 0], "Medium": [43, 106], "Many": [20, 94]}}