{"Accuracy": 0.285, "image_quantity_level-Accuracy": {"Few": 0, "Medium": 0.2711864406779661, "Many": 0.391304347826087}, "image_quantity_level-Result": {"Few": [0, 0], "Medium": [48, 177], "Many": [9, 23]}}