{"Accuracy": 0.77, "image_quantity_level-Accuracy": {"Few": 0.7613636363636364, "Medium": 0.8333333333333334, "Many": 0}, "image_quantity_level-Result": {"Few": [134, 176], "Medium": [20, 24], "Many": [0, 0]}}