{"Accuracy": 0.75, "image_quantity_level-Accuracy": {"Few": 0, "Medium": 0.7555555555555555, "Many": 0.7384615384615385}, "image_quantity_level-Result": {"Few": [0, 0], "Medium": [102, 135], "Many": [48, 65]}}