{"Accuracy": 0.25, "image_quantity_level-Accuracy": {"Few": 0.30303030303030304, "Medium": 0.22388059701492538, "Many": 0}, "image_quantity_level-Result": {"Few": [20, 66], "Medium": [30, 134], "Many": [0, 0]}}