{"Accuracy": 0.725, "image_quantity_level-Accuracy": {"Few": 0.7159090909090909, "Medium": 0.7916666666666666, "Many": 0}, "image_quantity_level-Result": {"Few": [126, 176], "Medium": [19, 24], "Many": [0, 0]}}