{"Accuracy": 0.095, "image_quantity_level-Accuracy": {"Few": 0, "Medium": 0.11627906976744186, "Many": 0.015748031496062992}, "image_quantity_level-Result": {"Few": [0, 0], "Medium": [55, 473], "Many": [2, 127]}}