{"Accuracy": 0.26, "image_quantity_level-Accuracy": {"Few": 0, "Medium": 0.24293785310734464, "Many": 0.391304347826087}, "image_quantity_level-Result": {"Few": [0, 0], "Medium": [43, 177], "Many": [9, 23]}}