{"Accuracy": 0.046875, "image_quantity_level-Accuracy": {"Few": 0.35, "Medium": 0.023076923076923078, "Many": 0.029411764705882353}, "image_quantity_level-Result": {"Few": [7, 20], "Medium": [3, 130], "Many": [5, 170]}}