{"Accuracy": 0.175, "image_quantity_level-Accuracy": {"Few": 0.22727272727272727, "Medium": 0.14925373134328357, "Many": 0}, "image_quantity_level-Result": {"Few": [15, 66], "Medium": [20, 134], "Many": [0, 0]}}