{"Accuracy": 0.11, "image_quantity_level-Accuracy": {"Few": 0, "Medium": 0.0962962962962963, "Many": 0.13846153846153847}, "image_quantity_level-Result": {"Few": [0, 0], "Medium": [13, 135], "Many": [9, 65]}}