{"Rouge-L f": 0.2590968215362033, "image_quantity_level-Accuracy": {"Few": 0.2590968215362033, "Medium": 0, "Many": 0}, "image_quantity_level-Result": {"Few": [51.81936430724064, 200], "Medium": [0, 0], "Many": [0, 0]}}