{"Accuracy": 0.51, "image_quantity_level-Accuracy": {"Few": 0, "Medium": 0.496551724137931, "Many": 0.5454545454545454}, "image_quantity_level-Result": {"Few": [0, 0], "Medium": [72, 145], "Many": [30, 55]}}