{"Rouge-L f": 0.1688917600723313, "image_quantity_level-Accuracy": {"Few": 0.1688917600723313, "Medium": 0, "Many": 0}, "image_quantity_level-Result": {"Few": [33.778352014466265, 200], "Medium": [0, 0], "Many": [0, 0]}}