{"Accuracy": 0.285, "image_quantity_level-Accuracy": {"Few": 0, "Medium": 0.36792452830188677, "Many": 0.19148936170212766}, "image_quantity_level-Result": {"Few": [0, 0], "Medium": [39, 106], "Many": [18, 94]}}