{"Rouge-L f": 0.11024261467163486, "image_quantity_level-Accuracy": {"Few": 0.11024261467163486, "Medium": 0, "Many": 0}, "image_quantity_level-Result": {"Few": [22.048522934326964, 200], "Medium": [0, 0], "Many": [0, 0]}}