{"Accuracy": 0.10833333333333334, "image_quantity_level-Accuracy": {"Few": 0, "Medium": 0.12684989429175475, "Many": 0.03937007874015748}, "image_quantity_level-Result": {"Few": [0, 0], "Medium": [60, 473], "Many": [5, 127]}}