{"Accuracy": 0.26, "image_quantity_level-Accuracy": {"Few": 0, "Medium": 0.33962264150943394, "Many": 0.1702127659574468}, "image_quantity_level-Result": {"Few": [0, 0], "Medium": [36, 106], "Many": [16, 94]}}