{"Rouge-L f": 0.3866286477383413, "image_quantity_level-Accuracy": {"Few": 0.3866286477383413, "Medium": 0, "Many": 0}, "image_quantity_level-Result": {"Few": [77.32572954766827, 200], "Medium": [0, 0], "Many": [0, 0]}}