{"Accuracy": 0.77, "image_quantity_level-Accuracy": {"Few": 0, "Medium": 0.7481481481481481, "Many": 0.8153846153846154}, "image_quantity_level-Result": {"Few": [0, 0], "Medium": [101, 135], "Many": [53, 65]}}