{"Accuracy": 0.325, "image_quantity_level-Accuracy": {"Few": 0.25757575757575757, "Medium": 0.3582089552238806, "Many": 0}, "image_quantity_level-Result": {"Few": [17, 66], "Medium": [48, 134], "Many": [0, 0]}}