{"Accuracy": 0.11, "image_quantity_level-Accuracy": {"Few": 0, "Medium": 0.06666666666666667, "Many": 0.11351351351351352}, "image_quantity_level-Result": {"Few": [0, 0], "Medium": [1, 15], "Many": [21, 185]}}