{"Accuracy": 0.105, "image_quantity_level-Accuracy": {"Few": 0, "Medium": 0.13107822410147993, "Many": 0.007874015748031496}, "image_quantity_level-Result": {"Few": [0, 0], "Medium": [62, 473], "Many": [1, 127]}}