{"Accuracy": 0.755, "image_quantity_level-Accuracy": {"Few": 0.7443181818181818, "Medium": 0.8333333333333334, "Many": 0}, "image_quantity_level-Result": {"Few": [131, 176], "Medium": [20, 24], "Many": [0, 0]}}