{"Accuracy": 0.09666666666666666, "image_quantity_level-Accuracy": {"Few": 0, "Medium": 0.11839323467230443, "Many": 0.015748031496062992}, "image_quantity_level-Result": {"Few": [0, 0], "Medium": [56, 473], "Many": [2, 127]}}