{"Accuracy": 0.41, "image_quantity_level-Accuracy": {"Few": 0, "Medium": 0.3333333333333333, "Many": 0.41621621621621624}, "image_quantity_level-Result": {"Few": [0, 0], "Medium": [5, 15], "Many": [77, 185]}}