{"Rouge-L f": 0.26858351130021907, "image_quantity_level-Accuracy": {"Few": 0.26858351130021907, "Medium": 0, "Many": 0}, "image_quantity_level-Result": {"Few": [53.716702260043824, 200], "Medium": [0, 0], "Many": [0, 0]}}