{"Accuracy": 0.21, "image_quantity_level-Accuracy": {"Few": 0, "Medium": 0.20161290322580644, "Many": 0.2236842105263158}, "image_quantity_level-Result": {"Few": [0, 0], "Medium": [25, 124], "Many": [17, 76]}}