{"Rouge-L f": 0.3800597210381316, "image_quantity_level-Accuracy": {"Few": 0.3800597210381316, "Medium": 0, "Many": 0}, "image_quantity_level-Result": {"Few": [76.01194420762634, 200], "Medium": [0, 0], "Many": [0, 0]}}