{"Accuracy": 0.175, "image_quantity_level-Accuracy": {"Few": 0, "Medium": 0.20754716981132076, "Many": 0.13829787234042554}, "image_quantity_level-Result": {"Few": [0, 0], "Medium": [22, 106], "Many": [13, 94]}}