{"Accuracy": 0.775, "image_quantity_level-Accuracy": {"Few": 0.803030303030303, "Medium": 0.7611940298507462, "Many": 0}, "image_quantity_level-Result": {"Few": [53, 66], "Medium": [102, 134], "Many": [0, 0]}}