{"Accuracy": 0.18, "image_quantity_level-Accuracy": {"Few": 0, "Medium": 0.13333333333333333, "Many": 0.1837837837837838}, "image_quantity_level-Result": {"Few": [0, 0], "Medium": [2, 15], "Many": [34, 185]}}