{"Accuracy": 0.435, "image_quantity_level-Accuracy": {"Few": 0.4791666666666667, "Medium": 0.3942307692307692, "Many": 0}, "image_quantity_level-Result": {"Few": [46, 96], "Medium": [41, 104], "Many": [0, 0]}}