{"Accuracy": 0.15, "image_quantity_level-Accuracy": {"Few": 0, "Medium": 0.17037037037037037, "Many": 0.1076923076923077}, "image_quantity_level-Result": {"Few": [0, 0], "Medium": [23, 135], "Many": [7, 65]}}