{"Accuracy": 0.705, "image_quantity_level-Accuracy": {"Few": 0.7121212121212122, "Medium": 0.7014925373134329, "Many": 0}, "image_quantity_level-Result": {"Few": [47, 66], "Medium": [94, 134], "Many": [0, 0]}}