{"Accuracy": 0.21, "image_quantity_level-Accuracy": {"Few": 0.18181818181818182, "Medium": 0.22388059701492538, "Many": 0}, "image_quantity_level-Result": {"Few": [12, 66], "Medium": [30, 134], "Many": [0, 0]}}