{"Accuracy": 0.765, "image_quantity_level-Accuracy": {"Few": 0, "Medium": 0.762962962962963, "Many": 0.7692307692307693}, "image_quantity_level-Result": {"Few": [0, 0], "Medium": [103, 135], "Many": [50, 65]}}