{"Rouge-L f": 0.2118350734510454, "image_quantity_level-Accuracy": {"Few": 0.2118350734510454, "Medium": 0, "Many": 0}, "image_quantity_level-Result": {"Few": [42.36701469020908, 200], "Medium": [0, 0], "Many": [0, 0]}}