{"Rouge-L f": 0.3090942074754691, "image_quantity_level-Accuracy": {"Few": 0.3090942074754691, "Medium": 0, "Many": 0}, "image_quantity_level-Result": {"Few": [61.818841495093764, 200], "Medium": [0, 0], "Many": [0, 0]}}