{"Rouge-L f": 0.17475554205947869, "image_quantity_level-Accuracy": {"Few": 0.17475554205947869, "Medium": 0, "Many": 0}, "image_quantity_level-Result": {"Few": [34.95110841189573, 200], "Medium": [0, 0], "Many": [0, 0]}}