{"Accuracy": 0.25, "image_quantity_level-Accuracy": {"Few": 0, "Medium": 0.2542372881355932, "Many": 0.21739130434782608}, "image_quantity_level-Result": {"Few": [0, 0], "Medium": [45, 177], "Many": [5, 23]}}