{"Accuracy": 0.125, "image_quantity_level-Accuracy": {"Few": 0, "Medium": 0.12408759124087591, "Many": 0.12698412698412698}, "image_quantity_level-Result": {"Few": [0, 0], "Medium": [17, 137], "Many": [8, 63]}}