{"Accuracy": 0.185, "image_quantity_level-Accuracy": {"Few": 0.20454545454545456, "Medium": 0.041666666666666664, "Many": 0}, "image_quantity_level-Result": {"Few": [36, 176], "Medium": [1, 24], "Many": [0, 0]}}