{"Accuracy": 0.435, "image_quantity_level-Accuracy": {"Few": 0, "Medium": 0.4306569343065693, "Many": 0.4444444444444444}, "image_quantity_level-Result": {"Few": [0, 0], "Medium": [59, 137], "Many": [28, 63]}}