{"Rouge-L f": 0.3588226983032433, "image_quantity_level-Accuracy": {"Few": 0.3588226983032433, "Medium": 0, "Many": 0}, "image_quantity_level-Result": {"Few": [71.76453966064867, 200], "Medium": [0, 0], "Many": [0, 0]}}