{"Accuracy": 0.315, "image_quantity_level-Accuracy": {"Few": 0.3541666666666667, "Medium": 0.27884615384615385, "Many": 0}, "image_quantity_level-Result": {"Few": [34, 96], "Medium": [29, 104], "Many": [0, 0]}}