{"Accuracy": 0.02, "image_quantity_level-Accuracy": {"Few": 0, "Medium": 0.01694915254237288, "Many": 0.043478260869565216}, "image_quantity_level-Result": {"Few": [0, 0], "Medium": [3, 177], "Many": [1, 23]}}