{"Accuracy": 0.255, "image_quantity_level-Accuracy": {"Few": 0, "Medium": 0.3018867924528302, "Many": 0.20212765957446807}, "image_quantity_level-Result": {"Few": [0, 0], "Medium": [32, 106], "Many": [19, 94]}}