{"Accuracy": 0.165, "image_quantity_level-Accuracy": {"Few": 0, "Medium": 0.17777777777777778, "Many": 0.13846153846153847}, "image_quantity_level-Result": {"Few": [0, 0], "Medium": [24, 135], "Many": [9, 65]}}