{"Rouge-L f": 0.09856900221152155, "image_quantity_level-Accuracy": {"Few": 0.09856900221152155, "Medium": 0, "Many": 0}, "image_quantity_level-Result": {"Few": [19.71380044230433, 200], "Medium": [0, 0], "Many": [0, 0]}}