{"Rouge-L f": 0.1639347383364936, "image_quantity_level-Accuracy": {"Few": 0.1639347383364936, "Medium": 0, "Many": 0}, "image_quantity_level-Result": {"Few": [32.7869476672987, 200], "Medium": [0, 0], "Many": [0, 0]}}