{"Accuracy": 0.628125, "image_quantity_level-Accuracy": {"Few": 1.0, "Medium": 0.9692307692307692, "Many": 0.3235294117647059}, "image_quantity_level-Result": {"Few": [20, 20], "Medium": [126, 130], "Many": [55, 170]}}