{"Accuracy": 0.315, "image_quantity_level-Accuracy": {"Few": 0, "Medium": 0.33793103448275863, "Many": 0.2545454545454545}, "image_quantity_level-Result": {"Few": [0, 0], "Medium": [49, 145], "Many": [14, 55]}}