{"Accuracy": 0.205, "image_quantity_level-Accuracy": {"Few": 0, "Medium": 0.1807909604519774, "Many": 0.391304347826087}, "image_quantity_level-Result": {"Few": [0, 0], "Medium": [32, 177], "Many": [9, 23]}}