{"Rouge-L f": 0.230163957774218, "image_quantity_level-Accuracy": {"Few": 0.230163957774218, "Medium": 0, "Many": 0}, "image_quantity_level-Result": {"Few": [46.03279155484359, 200], "Medium": [0, 0], "Many": [0, 0]}}