{"Accuracy": 0.5683333333333334, "image_quantity_level-Accuracy": {"Few": 0, "Medium": 0.6871035940803383, "Many": 0.12598425196850394}, "image_quantity_level-Result": {"Few": [0, 0], "Medium": [325, 473], "Many": [16, 127]}}