{"Accuracy": 0.5433333333333333, "image_quantity_level-Accuracy": {"Few": 0, "Medium": 0.653276955602537, "Many": 0.13385826771653545}, "image_quantity_level-Result": {"Few": [0, 0], "Medium": [309, 473], "Many": [17, 127]}}