{"Rouge-L f": 0.3611879907388909, "image_quantity_level-Accuracy": {"Few": 0.3611879907388909, "Medium": 0, "Many": 0}, "image_quantity_level-Result": {"Few": [72.2375981477782, 200], "Medium": [0, 0], "Many": [0, 0]}}