{"Accuracy": 0.3, "image_quantity_level-Accuracy": {"Few": 0, "Medium": 0.31724137931034485, "Many": 0.2545454545454545}, "image_quantity_level-Result": {"Few": [0, 0], "Medium": [46, 145], "Many": [14, 55]}}