{"Accuracy": 0.09, "image_quantity_level-Accuracy": {"Few": 0, "Medium": 0.1037037037037037, "Many": 0.06153846153846154}, "image_quantity_level-Result": {"Few": [0, 0], "Medium": [14, 135], "Many": [4, 65]}}