{"Rouge-L f": 0.11072418308840624, "image_quantity_level-Accuracy": {"Few": 0.11072418308840624, "Medium": 0, "Many": 0}, "image_quantity_level-Result": {"Few": [22.144836617681243, 200], "Medium": [0, 0], "Many": [0, 0]}}