{"Accuracy": 0.065, "image_quantity_level-Accuracy": {"Few": 0, "Medium": 0.05084745762711865, "Many": 0.17391304347826086}, "image_quantity_level-Result": {"Few": [0, 0], "Medium": [9, 177], "Many": [4, 23]}}