{"Accuracy": 0.3, "image_quantity_level-Accuracy": {"Few": 0, "Medium": 0.32413793103448274, "Many": 0.23636363636363636}, "image_quantity_level-Result": {"Few": [0, 0], "Medium": [47, 145], "Many": [13, 55]}}