{"Accuracy": 0.22, "image_quantity_level-Accuracy": {"Few": 0, "Medium": 0.22580645161290322, "Many": 0.21052631578947367}, "image_quantity_level-Result": {"Few": [0, 0], "Medium": [28, 124], "Many": [16, 76]}}