{"Accuracy": 0.55, "image_quantity_level-Accuracy": {"Few": 0.5405405405405406, "Medium": 0.6666666666666666, "Many": 0}, "image_quantity_level-Result": {"Few": [100, 185], "Medium": [10, 15], "Many": [0, 0]}}