{"Rouge-L f": 0.2273137985632735, "image_quantity_level-Accuracy": {"Few": 0.2273137985632735, "Medium": 0, "Many": 0}, "image_quantity_level-Result": {"Few": [45.462759712654695, 200], "Medium": [0, 0], "Many": [0, 0]}}