{"Rouge-L f": 0.16538917315060875, "image_quantity_level-Accuracy": {"Few": 0.16538917315060875, "Medium": 0, "Many": 0}, "image_quantity_level-Result": {"Few": [33.07783463012173, 200], "Medium": [0, 0], "Many": [0, 0]}}