{"Rouge-L f": 0.21207662254730367, "image_quantity_level-Accuracy": {"Few": 0.21207662254730367, "Medium": 0, "Many": 0}, "image_quantity_level-Result": {"Few": [42.41532450946074, 200], "Medium": [0, 0], "Many": [0, 0]}}