{"Accuracy": 0.135, "image_quantity_level-Accuracy": {"Few": 0, "Medium": 0.1509433962264151, "Many": 0.11702127659574468}, "image_quantity_level-Result": {"Few": [0, 0], "Medium": [16, 106], "Many": [11, 94]}}