{"Rouge-L f": 0.2519009484748656, "image_quantity_level-Accuracy": {"Few": 0.2519009484748656, "Medium": 0, "Many": 0}, "image_quantity_level-Result": {"Few": [50.380189694973126, 200], "Medium": [0, 0], "Many": [0, 0]}}