{"Rouge-L f": 0.13127399081991165, "image_quantity_level-Accuracy": {"Few": 0.13127399081991165, "Medium": 0, "Many": 0}, "image_quantity_level-Result": {"Few": [26.254798163982326, 200], "Medium": [0, 0], "Many": [0, 0]}}