{"Accuracy": 0.36833333333333335, "image_quantity_level-Accuracy": {"Few": 0, "Medium": 0.45665961945031713, "Many": 0.03937007874015748}, "image_quantity_level-Result": {"Few": [0, 0], "Medium": [216, 473], "Many": [5, 127]}}