{"Accuracy": 0.04, "image_quantity_level-Accuracy": {"Few": 0, "Medium": 0.043795620437956206, "Many": 0.031746031746031744}, "image_quantity_level-Result": {"Few": [0, 0], "Medium": [6, 137], "Many": [2, 63]}}