{"Accuracy": 0.31, "image_quantity_level-Accuracy": {"Few": 0, "Medium": 0.3103448275862069, "Many": 0.3090909090909091}, "image_quantity_level-Result": {"Few": [0, 0], "Medium": [45, 145], "Many": [17, 55]}}