{"Accuracy": 0.32, "image_quantity_level-Accuracy": {"Few": 0, "Medium": 0.13333333333333333, "Many": 0.33513513513513515}, "image_quantity_level-Result": {"Few": [0, 0], "Medium": [2, 15], "Many": [62, 185]}}