{"Rouge-L f": 0.39188979974737703, "image_quantity_level-Accuracy": {"Few": 0.39188979974737703, "Medium": 0, "Many": 0}, "image_quantity_level-Result": {"Few": [78.37795994947538, 200], "Medium": [0, 0], "Many": [0, 0]}}