{"Accuracy": 0.155, "image_quantity_level-Accuracy": {"Few": 0.1534090909090909, "Medium": 0.16666666666666666, "Many": 0}, "image_quantity_level-Result": {"Few": [27, 176], "Medium": [4, 24], "Many": [0, 0]}}