{"Accuracy": 0.01, "image_quantity_level-Accuracy": {"Few": 0, "Medium": 0.007407407407407408, "Many": 0.015384615384615385}, "image_quantity_level-Result": {"Few": [0, 0], "Medium": [1, 135], "Many": [1, 65]}}