{"Rouge-L f": 0.19657728626324805, "image_quantity_level-Accuracy": {"Few": 0.19657728626324805, "Medium": 0, "Many": 0}, "image_quantity_level-Result": {"Few": [39.31545725264958, 200], "Medium": [0, 0], "Many": [0, 0]}}