{"Accuracy": 0.065, "image_quantity_level-Accuracy": {"Few": 0, "Medium": 0.08759124087591241, "Many": 0.015873015873015872}, "image_quantity_level-Result": {"Few": [0, 0], "Medium": [12, 137], "Many": [1, 63]}}