{
    "reasoning-image-test": [
        0.128795,
        0.162957,
        0.167595,
        0.149285,
        0.1388,
        0.135421,
        0.246414,
        0.338583,
        0.301714,
        0.413268,
        0.456558
    ],
    "average": 0.2399445454545455,
    "weighted_acc": [
        0.12562814070351758,
        0.167192429022082,
        0.16761363636363635,
        0.152317880794702,
        0.14096916299559473,
        0.13662790697674418,
        0.24782608695652175,
        0.3382352941176471,
        0.3063583815028902,
        0.41155234657039713,
        0.4568345323741007
    ],
    "sample_number_array": [
        199.0,
        317.0,
        352.0,
        302.0,
        227.0,
        344.0,
        230.0,
        204.0,
        173.0,
        277.0,
        278.0
    ],
    "weighted_avg_acc": 0.23320831912717355,
    "context_ranges": [
        "1k",
        "2k",
        "4k",
        "8k",
        "12k",
        "16k",
        "24k",
        "32k",
        "40k",
        "48k",
        "64k"
    ]
}