{"Rouge-L f": 0.23929338103871456, "image_quantity_level-Accuracy": {"Few": 0.23929338103871456, "Medium": 0, "Many": 0}, "image_quantity_level-Result": {"Few": [47.85867620774292, 200], "Medium": [0, 0], "Many": [0, 0]}}