{"Rouge-L f": 0.2094762144078958, "image_quantity_level-Accuracy": {"Few": 0.2094762144078958, "Medium": 0, "Many": 0}, "image_quantity_level-Result": {"Few": [41.89524288157916, 200], "Medium": [0, 0], "Many": [0, 0]}}