{"Accuracy": 0.2, "image_quantity_level-Accuracy": {"Few": 0, "Medium": 0.25471698113207547, "Many": 0.13829787234042554}, "image_quantity_level-Result": {"Few": [0, 0], "Medium": [27, 106], "Many": [13, 94]}}