{"Accuracy": 0.805, "image_quantity_level-Accuracy": {"Few": 0.8011363636363636, "Medium": 0.8333333333333334, "Many": 0}, "image_quantity_level-Result": {"Few": [141, 176], "Medium": [20, 24], "Many": [0, 0]}}