{"Accuracy": 0.175, "image_quantity_level-Accuracy": {"Few": 0, "Medium": 0.2358490566037736, "Many": 0.10638297872340426}, "image_quantity_level-Result": {"Few": [0, 0], "Medium": [25, 106], "Many": [10, 94]}}