{"Rouge-L f": 0.3163911643592602, "image_quantity_level-Accuracy": {"Few": 0.3163911643592602, "Medium": 0, "Many": 0}, "image_quantity_level-Result": {"Few": [63.278232871852, 200], "Medium": [0, 0], "Many": [0, 0]}}