{"Accuracy": 0.095, "image_quantity_level-Accuracy": {"Few": 0, "Medium": 0.13333333333333333, "Many": 0.015384615384615385}, "image_quantity_level-Result": {"Few": [0, 0], "Medium": [18, 135], "Many": [1, 65]}}