{"Rouge-L f": 0.13629217196155072, "image_quantity_level-Accuracy": {"Few": 0.13629217196155072, "Medium": 0, "Many": 0}, "image_quantity_level-Result": {"Few": [27.258434392310143, 200], "Medium": [0, 0], "Many": [0, 0]}}