{"Accuracy": 0.245, "image_quantity_level-Accuracy": {"Few": 0.2727272727272727, "Medium": 0.23134328358208955, "Many": 0}, "image_quantity_level-Result": {"Few": [18, 66], "Medium": [31, 134], "Many": [0, 0]}}