{"Accuracy": 0.25, "image_quantity_level-Accuracy": {"Few": 0, "Medium": 0.32075471698113206, "Many": 0.1702127659574468}, "image_quantity_level-Result": {"Few": [0, 0], "Medium": [34, 106], "Many": [16, 94]}}