{"Accuracy": 0.805, "image_quantity_level-Accuracy": {"Few": 0, "Medium": 0.8225806451612904, "Many": 0.7763157894736842}, "image_quantity_level-Result": {"Few": [0, 0], "Medium": [102, 124], "Many": [59, 76]}}