{"Rouge-L f": 0.24355224695430927, "image_quantity_level-Accuracy": {"Few": 0.24355224695430927, "Medium": 0, "Many": 0}, "image_quantity_level-Result": {"Few": [48.71044939086183, 200], "Medium": [0, 0], "Many": [0, 0]}}