{"Accuracy": 0.275, "image_quantity_level-Accuracy": {"Few": 0.2727272727272727, "Medium": 0.27611940298507465, "Many": 0}, "image_quantity_level-Result": {"Few": [18, 66], "Medium": [37, 134], "Many": [0, 0]}}