{"Accuracy": 0.1, "image_quantity_level-Accuracy": {"Few": 0, "Medium": 0.1259259259259259, "Many": 0.046153846153846156}, "image_quantity_level-Result": {"Few": [0, 0], "Medium": [17, 135], "Many": [3, 65]}}