{"Rouge-L f": 0.2075388366111227, "image_quantity_level-Accuracy": {"Few": 0.2075388366111227, "Medium": 0, "Many": 0}, "image_quantity_level-Result": {"Few": [41.50776732222454, 200], "Medium": [0, 0], "Many": [0, 0]}}