{"Accuracy": 0.31, "image_quantity_level-Accuracy": {"Few": 0, "Medium": 0.3163841807909605, "Many": 0.2608695652173913}, "image_quantity_level-Result": {"Few": [0, 0], "Medium": [56, 177], "Many": [6, 23]}}