{"Accuracy": 0.16, "image_quantity_level-Accuracy": {"Few": 0.1534090909090909, "Medium": 0.20833333333333334, "Many": 0}, "image_quantity_level-Result": {"Few": [27, 176], "Medium": [5, 24], "Many": [0, 0]}}