{"Rouge-L f": 0.1819817651062219, "image_quantity_level-Accuracy": {"Few": 0.1819817651062219, "Medium": 0, "Many": 0}, "image_quantity_level-Result": {"Few": [36.39635302124438, 200], "Medium": [0, 0], "Many": [0, 0]}}