{"Accuracy": 0.025, "image_quantity_level-Accuracy": {"Few": 0, "Medium": 0.02962962962962963, "Many": 0.015384615384615385}, "image_quantity_level-Result": {"Few": [0, 0], "Medium": [4, 135], "Many": [1, 65]}}