{"Accuracy": 0.740625, "image_quantity_level-Accuracy": {"Few": 1.0, "Medium": 0.9307692307692308, "Many": 0.5647058823529412}, "image_quantity_level-Result": {"Few": [20, 20], "Medium": [121, 130], "Many": [96, 170]}}