{"Rouge-L f": 0.12396289534720097, "image_quantity_level-Accuracy": {"Few": 0.12396289534720097, "Medium": 0, "Many": 0}, "image_quantity_level-Result": {"Few": [24.792579069440208, 200], "Medium": [0, 0], "Many": [0, 0]}}