{"Rouge-L f": 0.26583294286685893, "image_quantity_level-Accuracy": {"Few": 0.26583294286685893, "Medium": 0, "Many": 0}, "image_quantity_level-Result": {"Few": [53.16658857337177, 200], "Medium": [0, 0], "Many": [0, 0]}}