{"Accuracy": 0.29, "image_quantity_level-Accuracy": {"Few": 0.25757575757575757, "Medium": 0.30597014925373134, "Many": 0}, "image_quantity_level-Result": {"Few": [17, 66], "Medium": [41, 134], "Many": [0, 0]}}