{"Accuracy": 0.785, "image_quantity_level-Accuracy": {"Few": 0.7840909090909091, "Medium": 0.7916666666666666, "Many": 0}, "image_quantity_level-Result": {"Few": [138, 176], "Medium": [19, 24], "Many": [0, 0]}}