{"Accuracy": 0.705, "image_quantity_level-Accuracy": {"Few": 0, "Medium": 0.7299270072992701, "Many": 0.6507936507936508}, "image_quantity_level-Result": {"Few": [0, 0], "Medium": [100, 137], "Many": [41, 63]}}