{"Accuracy": 0.73, "image_quantity_level-Accuracy": {"Few": 0.7575757575757576, "Medium": 0.7164179104477612, "Many": 0}, "image_quantity_level-Result": {"Few": [50, 66], "Medium": [96, 134], "Many": [0, 0]}}