{"Accuracy": 0.34, "image_quantity_level-Accuracy": {"Few": 0, "Medium": 0.35172413793103446, "Many": 0.3090909090909091}, "image_quantity_level-Result": {"Few": [0, 0], "Medium": [51, 145], "Many": [17, 55]}}