{"Accuracy": 0.690625, "image_quantity_level-Accuracy": {"Few": 0.8, "Medium": 0.7230769230769231, "Many": 0.6529411764705882}, "image_quantity_level-Result": {"Few": [16, 20], "Medium": [94, 130], "Many": [111, 170]}}