{"Rouge-L f": 0.2482209812027191, "image_quantity_level-Accuracy": {"Few": 0.2482209812027191, "Medium": 0, "Many": 0}, "image_quantity_level-Result": {"Few": [49.64419624054381, 200], "Medium": [0, 0], "Many": [0, 0]}}