{"Accuracy": 0.35833333333333334, "image_quantity_level-Accuracy": {"Few": 0, "Medium": 0.4439746300211416, "Many": 0.03937007874015748}, "image_quantity_level-Result": {"Few": [0, 0], "Medium": [210, 473], "Many": [5, 127]}}