{"Rouge-L f": 0.13007117244571553, "image_quantity_level-Accuracy": {"Few": 0.13007117244571553, "Medium": 0, "Many": 0}, "image_quantity_level-Result": {"Few": [26.014234489143114, 200], "Medium": [0, 0], "Many": [0, 0]}}