{"Accuracy": 0.245, "image_quantity_level-Accuracy": {"Few": 0.22916666666666666, "Medium": 0.25961538461538464, "Many": 0}, "image_quantity_level-Result": {"Few": [22, 96], "Medium": [27, 104], "Many": [0, 0]}}