{"Rouge-L f": 0.2312793555999522, "image_quantity_level-Accuracy": {"Few": 0.2312793555999522, "Medium": 0, "Many": 0}, "image_quantity_level-Result": {"Few": [46.255871119990424, 200], "Medium": [0, 0], "Many": [0, 0]}}