{"Accuracy": 0.11333333333333333, "image_quantity_level-Accuracy": {"Few": 0, "Medium": 0.13953488372093023, "Many": 0.015748031496062992}, "image_quantity_level-Result": {"Few": [0, 0], "Medium": [66, 473], "Many": [2, 127]}}