{"Accuracy": 0.24, "image_quantity_level-Accuracy": {"Few": 0.25757575757575757, "Medium": 0.23134328358208955, "Many": 0}, "image_quantity_level-Result": {"Few": [17, 66], "Medium": [31, 134], "Many": [0, 0]}}