{"Accuracy": 0.23, "image_quantity_level-Accuracy": {"Few": 0.23863636363636365, "Medium": 0.16666666666666666, "Many": 0}, "image_quantity_level-Result": {"Few": [42, 176], "Medium": [4, 24], "Many": [0, 0]}}