{"Accuracy": 0.43, "image_quantity_level-Accuracy": {"Few": 0.4393939393939394, "Medium": 0.4253731343283582, "Many": 0}, "image_quantity_level-Result": {"Few": [29, 66], "Medium": [57, 134], "Many": [0, 0]}}