{"Accuracy": 0.2, "image_quantity_level-Accuracy": {"Few": 0, "Medium": 0.2033898305084746, "Many": 0.17391304347826086}, "image_quantity_level-Result": {"Few": [0, 0], "Medium": [36, 177], "Many": [4, 23]}}