{"Accuracy": 0.81, "image_quantity_level-Accuracy": {"Few": 0, "Medium": 0.7983870967741935, "Many": 0.8289473684210527}, "image_quantity_level-Result": {"Few": [0, 0], "Medium": [99, 124], "Many": [63, 76]}}