{"Rouge-L f": 0.12269483006803882, "image_quantity_level-Accuracy": {"Few": 0.12269483006803882, "Medium": 0, "Many": 0}, "image_quantity_level-Result": {"Few": [24.538966013607755, 200], "Medium": [0, 0], "Many": [0, 0]}}