{"Accuracy": 0.465, "image_quantity_level-Accuracy": {"Few": 0.5104166666666666, "Medium": 0.4230769230769231, "Many": 0}, "image_quantity_level-Result": {"Few": [49, 96], "Medium": [44, 104], "Many": [0, 0]}}