{"Accuracy": 0.5833333333333334, "image_quantity_level-Accuracy": {"Few": 0, "Medium": 0.7061310782241015, "Many": 0.12598425196850394}, "image_quantity_level-Result": {"Few": [0, 0], "Medium": [334, 473], "Many": [16, 127]}}