{"Rouge-L f": 0.20847070477417654, "image_quantity_level-Accuracy": {"Few": 0.20847070477417654, "Medium": 0, "Many": 0}, "image_quantity_level-Result": {"Few": [41.6941409548353, 200], "Medium": [0, 0], "Many": [0, 0]}}