{"Accuracy": 0.1, "image_quantity_level-Accuracy": {"Few": 0, "Medium": 0.10218978102189781, "Many": 0.09523809523809523}, "image_quantity_level-Result": {"Few": [0, 0], "Medium": [14, 137], "Many": [6, 63]}}