{"Accuracy": 0.8, "image_quantity_level-Accuracy": {"Few": 0, "Medium": 0.7741935483870968, "Many": 0.8421052631578947}, "image_quantity_level-Result": {"Few": [0, 0], "Medium": [96, 124], "Many": [64, 76]}}