{"Rouge-L f": 0.14080883556799267, "image_quantity_level-Accuracy": {"Few": 0.14080883556799267, "Medium": 0, "Many": 0}, "image_quantity_level-Result": {"Few": [28.161767113598554, 200], "Medium": [0, 0], "Many": [0, 0]}}