{"Accuracy": 0.81, "image_quantity_level-Accuracy": {"Few": 0, "Medium": 0.8387096774193549, "Many": 0.7631578947368421}, "image_quantity_level-Result": {"Few": [0, 0], "Medium": [104, 124], "Many": [58, 76]}}