{"Rouge-L f": 0.20558686368376566, "image_quantity_level-Accuracy": {"Few": 0.20558686368376566, "Medium": 0, "Many": 0}, "image_quantity_level-Result": {"Few": [41.11737273675312, 200], "Medium": [0, 0], "Many": [0, 0]}}