{"Rouge-L f": 0.27259455543758226, "image_quantity_level-Accuracy": {"Few": 0.27259455543758226, "Medium": 0, "Many": 0}, "image_quantity_level-Result": {"Few": [54.51891108751647, 200], "Medium": [0, 0], "Many": [0, 0]}}