{"Accuracy": 0.78, "image_quantity_level-Accuracy": {"Few": 0, "Medium": 0.7737226277372263, "Many": 0.7936507936507936}, "image_quantity_level-Result": {"Few": [0, 0], "Medium": [106, 137], "Many": [50, 63]}}