{"Accuracy": 0.29, "image_quantity_level-Accuracy": {"Few": 0, "Medium": 0.296551724137931, "Many": 0.2727272727272727}, "image_quantity_level-Result": {"Few": [0, 0], "Medium": [43, 145], "Many": [15, 55]}}