{"Rouge-L f": 0.3319345381329217, "image_quantity_level-Accuracy": {"Few": 0.3319345381329217, "Medium": 0, "Many": 0}, "image_quantity_level-Result": {"Few": [66.38690762658432, 200], "Medium": [0, 0], "Many": [0, 0]}}