{"Accuracy": 0.355, "image_quantity_level-Accuracy": {"Few": 0, "Medium": 0.46226415094339623, "Many": 0.23404255319148937}, "image_quantity_level-Result": {"Few": [0, 0], "Medium": [49, 106], "Many": [22, 94]}}