{"Rouge-L f": 0.3487143201987683, "image_quantity_level-Accuracy": {"Few": 0.3487143201987683, "Medium": 0, "Many": 0}, "image_quantity_level-Result": {"Few": [69.74286403975367, 200], "Medium": [0, 0], "Many": [0, 0]}}