{"Rouge-L f": 0.3298717131030765, "image_quantity_level-Accuracy": {"Few": 0.3298717131030765, "Medium": 0, "Many": 0}, "image_quantity_level-Result": {"Few": [65.9743426206153, 200], "Medium": [0, 0], "Many": [0, 0]}}