{"Accuracy": 0.68, "image_quantity_level-Accuracy": {"Few": 0, "Medium": 0.8224101479915433, "Many": 0.14960629921259844}, "image_quantity_level-Result": {"Few": [0, 0], "Medium": [389, 473], "Many": [19, 127]}}