{"Accuracy": 0.365, "image_quantity_level-Accuracy": {"Few": 0, "Medium": 0.44339622641509435, "Many": 0.2765957446808511}, "image_quantity_level-Result": {"Few": [0, 0], "Medium": [47, 106], "Many": [26, 94]}}