{"Accuracy": 0.735, "image_quantity_level-Accuracy": {"Few": 0, "Medium": 0.7333333333333333, "Many": 0.7384615384615385}, "image_quantity_level-Result": {"Few": [0, 0], "Medium": [99, 135], "Many": [48, 65]}}