{"Rouge-L f": 0.13078008265693705, "image_quantity_level-Accuracy": {"Few": 0.13078008265693705, "Medium": 0, "Many": 0}, "image_quantity_level-Result": {"Few": [26.156016531387415, 200], "Medium": [0, 0], "Many": [0, 0]}}