{"Accuracy": 0.73125, "image_quantity_level-Accuracy": {"Few": 1.0, "Medium": 0.9307692307692308, "Many": 0.5470588235294118}, "image_quantity_level-Result": {"Few": [20, 20], "Medium": [121, 130], "Many": [93, 170]}}