{"Accuracy": 0.47, "image_quantity_level-Accuracy": {"Few": 0, "Medium": 0.5566037735849056, "Many": 0.3723404255319149}, "image_quantity_level-Result": {"Few": [0, 0], "Medium": [59, 106], "Many": [35, 94]}}