{"Accuracy": 0.64, "image_quantity_level-Accuracy": {"Few": 0.6515151515151515, "Medium": 0.6343283582089553, "Many": 0}, "image_quantity_level-Result": {"Few": [43, 66], "Medium": [85, 134], "Many": [0, 0]}}