{"Rouge-L f": 0.392359924103769, "image_quantity_level-Accuracy": {"Few": 0.392359924103769, "Medium": 0, "Many": 0}, "image_quantity_level-Result": {"Few": [78.47198482075379, 200], "Medium": [0, 0], "Many": [0, 0]}}