{"Accuracy": 0.755, "image_quantity_level-Accuracy": {"Few": 0, "Medium": 0.7481481481481481, "Many": 0.7692307692307693}, "image_quantity_level-Result": {"Few": [0, 0], "Medium": [101, 135], "Many": [50, 65]}}