{"Rouge-L f": 0.26146612639725136, "image_quantity_level-Accuracy": {"Few": 0.26146612639725136, "Medium": 0, "Many": 0}, "image_quantity_level-Result": {"Few": [52.29322527945023, 200], "Medium": [0, 0], "Many": [0, 0]}}