{"Accuracy": 0.125, "image_quantity_level-Accuracy": {"Few": 0, "Medium": 0.15172413793103448, "Many": 0.05454545454545454}, "image_quantity_level-Result": {"Few": [0, 0], "Medium": [22, 145], "Many": [3, 55]}}