{"Accuracy": 0.24, "image_quantity_level-Accuracy": {"Few": 0.3181818181818182, "Medium": 0.20149253731343283, "Many": 0}, "image_quantity_level-Result": {"Few": [21, 66], "Medium": [27, 134], "Many": [0, 0]}}