{"Accuracy": 0.815625, "image_quantity_level-Accuracy": {"Few": 0.85, "Medium": 0.823076923076923, "Many": 0.8058823529411765}, "image_quantity_level-Result": {"Few": [17, 20], "Medium": [107, 130], "Many": [137, 170]}}