{"Accuracy": 0.25, "image_quantity_level-Accuracy": {"Few": 0, "Medium": 0.27586206896551724, "Many": 0.18181818181818182}, "image_quantity_level-Result": {"Few": [0, 0], "Medium": [40, 145], "Many": [10, 55]}}