{"Accuracy": 0.285, "image_quantity_level-Accuracy": {"Few": 0, "Medium": 0.2896551724137931, "Many": 0.2727272727272727}, "image_quantity_level-Result": {"Few": [0, 0], "Medium": [42, 145], "Many": [15, 55]}}