{"Accuracy": 0.7, "image_quantity_level-Accuracy": {"Few": 0, "Medium": 0.7007299270072993, "Many": 0.6984126984126984}, "image_quantity_level-Result": {"Few": [0, 0], "Medium": [96, 137], "Many": [44, 63]}}