{"Accuracy": 0.09, "image_quantity_level-Accuracy": {"Few": 0, "Medium": 0.08888888888888889, "Many": 0.09230769230769231}, "image_quantity_level-Result": {"Few": [0, 0], "Medium": [12, 135], "Many": [6, 65]}}