{"Accuracy": 0.515, "image_quantity_level-Accuracy": {"Few": 0, "Medium": 0.6236786469344608, "Many": 0.11023622047244094}, "image_quantity_level-Result": {"Few": [0, 0], "Medium": [295, 473], "Many": [14, 127]}}