{"Rouge-L f": 0.11524264626904256, "image_quantity_level-Accuracy": {"Few": 0.11524264626904256, "Medium": 0, "Many": 0}, "image_quantity_level-Result": {"Few": [23.048529253808507, 200], "Medium": [0, 0], "Many": [0, 0]}}