{"Rouge-L f": 0.12549147894894885, "image_quantity_level-Accuracy": {"Few": 0.12549147894894885, "Medium": 0, "Many": 0}, "image_quantity_level-Result": {"Few": [25.098295789789773, 200], "Medium": [0, 0], "Many": [0, 0]}}