{"Accuracy": 0.735, "image_quantity_level-Accuracy": {"Few": 0.7575757575757576, "Medium": 0.7238805970149254, "Many": 0}, "image_quantity_level-Result": {"Few": [50, 66], "Medium": [97, 134], "Many": [0, 0]}}