{"Accuracy": 0.42, "image_quantity_level-Accuracy": {"Few": 0.4583333333333333, "Medium": 0.38461538461538464, "Many": 0}, "image_quantity_level-Result": {"Few": [44, 96], "Medium": [40, 104], "Many": [0, 0]}}