{"Accuracy": 0.390625, "image_quantity_level-Accuracy": {"Few": 0.85, "Medium": 0.49230769230769234, "Many": 0.25882352941176473}, "image_quantity_level-Result": {"Few": [17, 20], "Medium": [64, 130], "Many": [44, 170]}}