{"Accuracy": 0.05, "image_quantity_level-Accuracy": {"Few": 0, "Medium": 0.051094890510948905, "Many": 0.047619047619047616}, "image_quantity_level-Result": {"Few": [0, 0], "Medium": [7, 137], "Many": [3, 63]}}