{"Accuracy": 0.035, "image_quantity_level-Accuracy": {"Few": 0, "Medium": 0.06666666666666667, "Many": 0.032432432432432434}, "image_quantity_level-Result": {"Few": [0, 0], "Medium": [1, 15], "Many": [6, 185]}}