{"Accuracy": 0.045, "image_quantity_level-Accuracy": {"Few": 0, "Medium": 0.13333333333333333, "Many": 0.03783783783783784}, "image_quantity_level-Result": {"Few": [0, 0], "Medium": [2, 15], "Many": [7, 185]}}