{"Rouge-L f": 0.2362666863260169, "image_quantity_level-Accuracy": {"Few": 0.2362666863260169, "Medium": 0, "Many": 0}, "image_quantity_level-Result": {"Few": [47.25333726520337, 200], "Medium": [0, 0], "Many": [0, 0]}}