{"Rouge-L f": 0.353170140368573, "image_quantity_level-Accuracy": {"Few": 0.353170140368573, "Medium": 0, "Many": 0}, "image_quantity_level-Result": {"Few": [70.63402807371462, 200], "Medium": [0, 0], "Many": [0, 0]}}