{"Accuracy": 0.425, "image_quantity_level-Accuracy": {"Few": 0, "Medium": 0.3333333333333333, "Many": 0.43243243243243246}, "image_quantity_level-Result": {"Few": [0, 0], "Medium": [5, 15], "Many": [80, 185]}}