{"Accuracy": 0.735, "image_quantity_level-Accuracy": {"Few": 0.7878787878787878, "Medium": 0.7089552238805971, "Many": 0}, "image_quantity_level-Result": {"Few": [52, 66], "Medium": [95, 134], "Many": [0, 0]}}