{"Rouge-L f": 0.10369735117660836, "image_quantity_level-Accuracy": {"Few": 0.10369735117660836, "Medium": 0, "Many": 0}, "image_quantity_level-Result": {"Few": [20.739470235321672, 200], "Medium": [0, 0], "Many": [0, 0]}}