{"Rouge-L f": 0.12965647724866675, "image_quantity_level-Accuracy": {"Few": 0.12965647724866675, "Medium": 0, "Many": 0}, "image_quantity_level-Result": {"Few": [25.931295449733344, 200], "Medium": [0, 0], "Many": [0, 0]}}