{"Accuracy": 0.815, "image_quantity_level-Accuracy": {"Few": 0, "Medium": 0.7903225806451613, "Many": 0.8552631578947368}, "image_quantity_level-Result": {"Few": [0, 0], "Medium": [98, 124], "Many": [65, 76]}}