{"Accuracy": 0.105, "image_quantity_level-Accuracy": {"Few": 0, "Medium": 0.0962962962962963, "Many": 0.12307692307692308}, "image_quantity_level-Result": {"Few": [0, 0], "Medium": [13, 135], "Many": [8, 65]}}