{"Accuracy": 0.11666666666666667, "image_quantity_level-Accuracy": {"Few": 0, "Medium": 0.14587737843551796, "Many": 0.007874015748031496}, "image_quantity_level-Result": {"Few": [0, 0], "Medium": [69, 473], "Many": [1, 127]}}