{"Accuracy": 0.76, "image_quantity_level-Accuracy": {"Few": 0, "Medium": 0.782258064516129, "Many": 0.7236842105263158}, "image_quantity_level-Result": {"Few": [0, 0], "Medium": [97, 124], "Many": [55, 76]}}