{"Rouge-L f": 0.24061391133371765, "image_quantity_level-Accuracy": {"Few": 0.24061391133371765, "Medium": 0, "Many": 0}, "image_quantity_level-Result": {"Few": [48.12278226674355, 200], "Medium": [0, 0], "Many": [0, 0]}}