{"Accuracy": 0.04, "image_quantity_level-Accuracy": {"Few": 0, "Medium": 0.06666666666666667, "Many": 0.03783783783783784}, "image_quantity_level-Result": {"Few": [0, 0], "Medium": [1, 15], "Many": [7, 185]}}