{"Accuracy": 0.765, "image_quantity_level-Accuracy": {"Few": 0, "Medium": 0.7591240875912408, "Many": 0.7777777777777778}, "image_quantity_level-Result": {"Few": [0, 0], "Medium": [104, 137], "Many": [49, 63]}}