{"Accuracy": 0.11, "image_quantity_level-Accuracy": {"Few": 0, "Medium": 0.10218978102189781, "Many": 0.12698412698412698}, "image_quantity_level-Result": {"Few": [0, 0], "Medium": [14, 137], "Many": [8, 63]}}