{"Accuracy": 0.83, "image_quantity_level-Accuracy": {"Few": 0.8295454545454546, "Medium": 0.8333333333333334, "Many": 0}, "image_quantity_level-Result": {"Few": [146, 176], "Medium": [20, 24], "Many": [0, 0]}}