{"Accuracy": 0.784375, "image_quantity_level-Accuracy": {"Few": 0.8, "Medium": 0.8538461538461538, "Many": 0.7294117647058823}, "image_quantity_level-Result": {"Few": [16, 20], "Medium": [111, 130], "Many": [124, 170]}}