{"Accuracy": 0.745, "image_quantity_level-Accuracy": {"Few": 0, "Medium": 0.725925925925926, "Many": 0.7846153846153846}, "image_quantity_level-Result": {"Few": [0, 0], "Medium": [98, 135], "Many": [51, 65]}}