{"Rouge-L f": 0.17491736923275725, "image_quantity_level-Accuracy": {"Few": 0.17491736923275725, "Medium": 0, "Many": 0}, "image_quantity_level-Result": {"Few": [34.983473846551455, 200], "Medium": [0, 0], "Many": [0, 0]}}