{"Accuracy": 0.15, "image_quantity_level-Accuracy": {"Few": 0, "Medium": 0.16296296296296298, "Many": 0.12307692307692308}, "image_quantity_level-Result": {"Few": [0, 0], "Medium": [22, 135], "Many": [8, 65]}}