{"Accuracy": 0.065, "image_quantity_level-Accuracy": {"Few": 0, "Medium": 0.06569343065693431, "Many": 0.06349206349206349}, "image_quantity_level-Result": {"Few": [0, 0], "Medium": [9, 137], "Many": [4, 63]}}