{"Accuracy": 0.08, "image_quantity_level-Accuracy": {"Few": 0, "Medium": 0.10218978102189781, "Many": 0.031746031746031744}, "image_quantity_level-Result": {"Few": [0, 0], "Medium": [14, 137], "Many": [2, 63]}}