{"Accuracy": 0.285, "image_quantity_level-Accuracy": {"Few": 0, "Medium": 0.3867924528301887, "Many": 0.1702127659574468}, "image_quantity_level-Result": {"Few": [0, 0], "Medium": [41, 106], "Many": [16, 94]}}