{"Accuracy": 0.135, "image_quantity_level-Accuracy": {"Few": 0, "Medium": 0.12096774193548387, "Many": 0.15789473684210525}, "image_quantity_level-Result": {"Few": [0, 0], "Medium": [15, 124], "Many": [12, 76]}}