{"Rouge-L f": 0.2544587034660508, "image_quantity_level-Accuracy": {"Few": 0.2544587034660508, "Medium": 0, "Many": 0}, "image_quantity_level-Result": {"Few": [50.89174069321015, 200], "Medium": [0, 0], "Many": [0, 0]}}