{"Accuracy": 0.33, "image_quantity_level-Accuracy": {"Few": 0, "Medium": 0.26666666666666666, "Many": 0.33513513513513515}, "image_quantity_level-Result": {"Few": [0, 0], "Medium": [4, 15], "Many": [62, 185]}}