{"Accuracy": 0.375, "image_quantity_level-Accuracy": {"Few": 0, "Medium": 0.46226415094339623, "Many": 0.2765957446808511}, "image_quantity_level-Result": {"Few": [0, 0], "Medium": [49, 106], "Many": [26, 94]}}