{"Accuracy": 0.71, "image_quantity_level-Accuracy": {"Few": 0.7727272727272727, "Medium": 0.6791044776119403, "Many": 0}, "image_quantity_level-Result": {"Few": [51, 66], "Medium": [91, 134], "Many": [0, 0]}}