{"Accuracy": 0.8125, "image_quantity_level-Accuracy": {"Few": 0.85, "Medium": 0.8076923076923077, "Many": 0.8117647058823529}, "image_quantity_level-Result": {"Few": [17, 20], "Medium": [105, 130], "Many": [138, 170]}}