{"Accuracy": 0.265, "image_quantity_level-Accuracy": {"Few": 0, "Medium": 0.25925925925925924, "Many": 0.27692307692307694}, "image_quantity_level-Result": {"Few": [0, 0], "Medium": [35, 135], "Many": [18, 65]}}