{"Accuracy": 0.125, "image_quantity_level-Accuracy": {"Few": 0, "Medium": 0.12903225806451613, "Many": 0.11842105263157894}, "image_quantity_level-Result": {"Few": [0, 0], "Medium": [16, 124], "Many": [9, 76]}}