{"Rouge-L f": 0.36398663337890924, "image_quantity_level-Accuracy": {"Few": 0.36398663337890924, "Medium": 0, "Many": 0}, "image_quantity_level-Result": {"Few": [72.79732667578186, 200], "Medium": [0, 0], "Many": [0, 0]}}