{"Rouge-L f": 0.21676089803166337, "image_quantity_level-Accuracy": {"Few": 0.21676089803166337, "Medium": 0, "Many": 0}, "image_quantity_level-Result": {"Few": [43.35217960633267, 200], "Medium": [0, 0], "Many": [0, 0]}}