{"Accuracy": 0.32, "image_quantity_level-Accuracy": {"Few": 0, "Medium": 0.3163841807909605, "Many": 0.34782608695652173}, "image_quantity_level-Result": {"Few": [0, 0], "Medium": [56, 177], "Many": [8, 23]}}