{"Rouge-L f": 0.26401414366561626, "image_quantity_level-Accuracy": {"Few": 0.26401414366561626, "Medium": 0, "Many": 0}, "image_quantity_level-Result": {"Few": [52.802828733123235, 200], "Medium": [0, 0], "Many": [0, 0]}}