{"Accuracy": 0.12, "image_quantity_level-Accuracy": {"Few": 0, "Medium": 0.13333333333333333, "Many": 0.09230769230769231}, "image_quantity_level-Result": {"Few": [0, 0], "Medium": [18, 135], "Many": [6, 65]}}