{"Accuracy": 0.04, "image_quantity_level-Accuracy": {"Few": 0, "Medium": 0.051094890510948905, "Many": 0.015873015873015872}, "image_quantity_level-Result": {"Few": [0, 0], "Medium": [7, 137], "Many": [1, 63]}}