{"Accuracy": 0.085, "image_quantity_level-Accuracy": {"Few": 0, "Medium": 0.08888888888888889, "Many": 0.07692307692307693}, "image_quantity_level-Result": {"Few": [0, 0], "Medium": [12, 135], "Many": [5, 65]}}