{"Rouge-L f": 0.32825943171025146, "image_quantity_level-Accuracy": {"Few": 0.32825943171025146, "Medium": 0, "Many": 0}, "image_quantity_level-Result": {"Few": [65.6518863420503, 200], "Medium": [0, 0], "Many": [0, 0]}}