{"Accuracy": 0.26, "image_quantity_level-Accuracy": {"Few": 0.2604166666666667, "Medium": 0.25961538461538464, "Many": 0}, "image_quantity_level-Result": {"Few": [25, 96], "Medium": [27, 104], "Many": [0, 0]}}