{"Accuracy": 0.245, "image_quantity_level-Accuracy": {"Few": 0, "Medium": 0.24858757062146894, "Many": 0.21739130434782608}, "image_quantity_level-Result": {"Few": [0, 0], "Medium": [44, 177], "Many": [5, 23]}}