{"Accuracy": 0.35, "image_quantity_level-Accuracy": {"Few": 0, "Medium": 0.36551724137931035, "Many": 0.3090909090909091}, "image_quantity_level-Result": {"Few": [0, 0], "Medium": [53, 145], "Many": [17, 55]}}