{"Accuracy": 0.16, "image_quantity_level-Accuracy": {"Few": 0.17045454545454544, "Medium": 0.08333333333333333, "Many": 0}, "image_quantity_level-Result": {"Few": [30, 176], "Medium": [2, 24], "Many": [0, 0]}}