{"Accuracy": 0.5716666666666667, "image_quantity_level-Accuracy": {"Few": 0, "Medium": 0.6892177589852009, "Many": 0.13385826771653545}, "image_quantity_level-Result": {"Few": [0, 0], "Medium": [326, 473], "Many": [17, 127]}}