{"Accuracy": 0.16, "image_quantity_level-Accuracy": {"Few": 0, "Medium": 0.17777777777777778, "Many": 0.12307692307692308}, "image_quantity_level-Result": {"Few": [0, 0], "Medium": [24, 135], "Many": [8, 65]}}