{"Rouge-L f": 0.1932287110424543, "image_quantity_level-Accuracy": {"Few": 0.1932287110424543, "Medium": 0, "Many": 0}, "image_quantity_level-Result": {"Few": [38.645742208490844, 200], "Medium": [0, 0], "Many": [0, 0]}}