{"Accuracy": 0.36, "image_quantity_level-Accuracy": {"Few": 0, "Medium": 0.36551724137931035, "Many": 0.34545454545454546}, "image_quantity_level-Result": {"Few": [0, 0], "Medium": [53, 145], "Many": [19, 55]}}