{"Accuracy": 0.12, "image_quantity_level-Accuracy": {"Few": 0, "Medium": 0.13138686131386862, "Many": 0.09523809523809523}, "image_quantity_level-Result": {"Few": [0, 0], "Medium": [18, 137], "Many": [6, 63]}}