{"Accuracy": 0.2, "image_quantity_level-Accuracy": {"Few": 0, "Medium": 0.1935483870967742, "Many": 0.21052631578947367}, "image_quantity_level-Result": {"Few": [0, 0], "Medium": [24, 124], "Many": [16, 76]}}