{"Accuracy": 0.41, "image_quantity_level-Accuracy": {"Few": 0, "Medium": 0.26666666666666666, "Many": 0.42162162162162165}, "image_quantity_level-Result": {"Few": [0, 0], "Medium": [4, 15], "Many": [78, 185]}}