{"Accuracy": 0.13, "image_quantity_level-Accuracy": {"Few": 0, "Medium": 0.19811320754716982, "Many": 0.05319148936170213}, "image_quantity_level-Result": {"Few": [0, 0], "Medium": [21, 106], "Many": [5, 94]}}