{"Accuracy": 0.44, "image_quantity_level-Accuracy": {"Few": 0, "Medium": 0.5188679245283019, "Many": 0.35106382978723405}, "image_quantity_level-Result": {"Few": [0, 0], "Medium": [55, 106], "Many": [33, 94]}}