{"Rouge-L f": 0.20277394706775603, "image_quantity_level-Accuracy": {"Few": 0.20277394706775603, "Medium": 0, "Many": 0}, "image_quantity_level-Result": {"Few": [40.55478941355121, 200], "Medium": [0, 0], "Many": [0, 0]}}