{"Rouge-L f": 0.3925527937465283, "image_quantity_level-Accuracy": {"Few": 0.3925527937465283, "Medium": 0, "Many": 0}, "image_quantity_level-Result": {"Few": [78.51055874930566, 200], "Medium": [0, 0], "Many": [0, 0]}}