{"Rouge-L f": 0.21241813576483334, "image_quantity_level-Accuracy": {"Few": 0.21241813576483334, "Medium": 0, "Many": 0}, "image_quantity_level-Result": {"Few": [42.48362715296667, 200], "Medium": [0, 0], "Many": [0, 0]}}