{"Rouge-L f": 0.1808836582111689, "image_quantity_level-Accuracy": {"Few": 0.1808836582111689, "Medium": 0, "Many": 0}, "image_quantity_level-Result": {"Few": [36.176731642233754, 200], "Medium": [0, 0], "Many": [0, 0]}}