{"Accuracy": 0.34, "image_quantity_level-Accuracy": {"Few": 0, "Medium": 0.36792452830188677, "Many": 0.30851063829787234}, "image_quantity_level-Result": {"Few": [0, 0], "Medium": [39, 106], "Many": [29, 94]}}