{"Accuracy": 0.065, "image_quantity_level-Accuracy": {"Few": 0, "Medium": 0.06666666666666667, "Many": 0.06486486486486487}, "image_quantity_level-Result": {"Few": [0, 0], "Medium": [1, 15], "Many": [12, 185]}}