{"Accuracy": 0.25, "image_quantity_level-Accuracy": {"Few": 0.2604166666666667, "Medium": 0.2403846153846154, "Many": 0}, "image_quantity_level-Result": {"Few": [25, 96], "Medium": [25, 104], "Many": [0, 0]}}