{"Accuracy": 0.495, "image_quantity_level-Accuracy": {"Few": 0.5104166666666666, "Medium": 0.4807692307692308, "Many": 0}, "image_quantity_level-Result": {"Few": [49, 96], "Medium": [50, 104], "Many": [0, 0]}}