{"Accuracy": 0.11, "image_quantity_level-Accuracy": {"Few": 0, "Medium": 0.12903225806451613, "Many": 0.07894736842105263}, "image_quantity_level-Result": {"Few": [0, 0], "Medium": [16, 124], "Many": [6, 76]}}