{"Accuracy": 0.5, "image_quantity_level-Accuracy": {"Few": 0, "Medium": 0.47586206896551725, "Many": 0.5636363636363636}, "image_quantity_level-Result": {"Few": [0, 0], "Medium": [69, 145], "Many": [31, 55]}}