{"Accuracy": 0.14, "image_quantity_level-Accuracy": {"Few": 0, "Medium": 0.10483870967741936, "Many": 0.19736842105263158}, "image_quantity_level-Result": {"Few": [0, 0], "Medium": [13, 124], "Many": [15, 76]}}