{"Accuracy": 0.21, "image_quantity_level-Accuracy": {"Few": 0, "Medium": 0.2033898305084746, "Many": 0.2608695652173913}, "image_quantity_level-Result": {"Few": [0, 0], "Medium": [36, 177], "Many": [6, 23]}}