{"Accuracy": 0.075, "image_quantity_level-Accuracy": {"Few": 0, "Medium": 0.08148148148148149, "Many": 0.06153846153846154}, "image_quantity_level-Result": {"Few": [0, 0], "Medium": [11, 135], "Many": [4, 65]}}