{"Rouge-L f": 0.21410529164618736, "image_quantity_level-Accuracy": {"Few": 0.21410529164618736, "Medium": 0, "Many": 0}, "image_quantity_level-Result": {"Few": [42.82105832923746, 200], "Medium": [0, 0], "Many": [0, 0]}}