{"Accuracy": 0.725, "image_quantity_level-Accuracy": {"Few": 0.7727272727272727, "Medium": 0.7014925373134329, "Many": 0}, "image_quantity_level-Result": {"Few": [51, 66], "Medium": [94, 134], "Many": [0, 0]}}