{"Accuracy": 0.24, "image_quantity_level-Accuracy": {"Few": 0, "Medium": 0.23163841807909605, "Many": 0.30434782608695654}, "image_quantity_level-Result": {"Few": [0, 0], "Medium": [41, 177], "Many": [7, 23]}}