{"Accuracy": 0.305, "image_quantity_level-Accuracy": {"Few": 0, "Medium": 0.3107344632768362, "Many": 0.2608695652173913}, "image_quantity_level-Result": {"Few": [0, 0], "Medium": [55, 177], "Many": [6, 23]}}