{"Rouge-L f": 0.13427093746629737, "image_quantity_level-Accuracy": {"Few": 0.13427093746629737, "Medium": 0, "Many": 0}, "image_quantity_level-Result": {"Few": [26.854187493259477, 200], "Medium": [0, 0], "Many": [0, 0]}}