{"Accuracy": 0.765625, "image_quantity_level-Accuracy": {"Few": 0.9, "Medium": 0.7538461538461538, "Many": 0.7588235294117647}, "image_quantity_level-Result": {"Few": [18, 20], "Medium": [98, 130], "Many": [129, 170]}}