{"Accuracy": 0.155, "image_quantity_level-Accuracy": {"Few": 0.16666666666666666, "Medium": 0.14925373134328357, "Many": 0}, "image_quantity_level-Result": {"Few": [11, 66], "Medium": [20, 134], "Many": [0, 0]}}