{"Rouge-L f": 0.2689249179262958, "image_quantity_level-Accuracy": {"Few": 0.2689249179262958, "Medium": 0, "Many": 0}, "image_quantity_level-Result": {"Few": [53.78498358525917, 200], "Medium": [0, 0], "Many": [0, 0]}}