{"Rouge-L f": 0.5523970131802842, "image_quantity_level-Accuracy": {"Few": 0.5523970131802842, "Medium": 0, "Many": 0}, "image_quantity_level-Result": {"Few": [110.47940263605686, 200], "Medium": [0, 0], "Many": [0, 0]}}