{"Accuracy": 0.775, "image_quantity_level-Accuracy": {"Few": 0, "Medium": 0.7883211678832117, "Many": 0.746031746031746}, "image_quantity_level-Result": {"Few": [0, 0], "Medium": [108, 137], "Many": [47, 63]}}