{"Accuracy": 0.5, "image_quantity_level-Accuracy": {"Few": 0, "Medium": 0.4896551724137931, "Many": 0.5272727272727272}, "image_quantity_level-Result": {"Few": [0, 0], "Medium": [71, 145], "Many": [29, 55]}}