{"Accuracy": 0.205, "image_quantity_level-Accuracy": {"Few": 0.21022727272727273, "Medium": 0.16666666666666666, "Many": 0}, "image_quantity_level-Result": {"Few": [37, 176], "Medium": [4, 24], "Many": [0, 0]}}