{"Accuracy": 0.145, "image_quantity_level-Accuracy": {"Few": 0, "Medium": 0.17777777777777778, "Many": 0.07692307692307693}, "image_quantity_level-Result": {"Few": [0, 0], "Medium": [24, 135], "Many": [5, 65]}}