{"Accuracy": 0.09, "image_quantity_level-Accuracy": {"Few": 0, "Medium": 0.10993657505285412, "Many": 0.015748031496062992}, "image_quantity_level-Result": {"Few": [0, 0], "Medium": [52, 473], "Many": [2, 127]}}