{"Rouge-L f": 0.28182551434622105, "image_quantity_level-Accuracy": {"Few": 0.28182551434622105, "Medium": 0, "Many": 0}, "image_quantity_level-Result": {"Few": [56.36510286924422, 200], "Medium": [0, 0], "Many": [0, 0]}}