{"Rouge-L f": 0.3303114916462772, "image_quantity_level-Accuracy": {"Few": 0.3303114916462772, "Medium": 0, "Many": 0}, "image_quantity_level-Result": {"Few": [66.06229832925546, 200], "Medium": [0, 0], "Many": [0, 0]}}