{"Accuracy": 0.07, "image_quantity_level-Accuracy": {"Few": 0, "Medium": 0.072992700729927, "Many": 0.06349206349206349}, "image_quantity_level-Result": {"Few": [0, 0], "Medium": [10, 137], "Many": [4, 63]}}