{"Rouge-L f": 0.19317646534958632, "image_quantity_level-Accuracy": {"Few": 0.19317646534958632, "Medium": 0, "Many": 0}, "image_quantity_level-Result": {"Few": [38.63529306991726, 200], "Medium": [0, 0], "Many": [0, 0]}}