{"Accuracy": 0.75, "image_quantity_level-Accuracy": {"Few": 0, "Medium": 0.7481481481481481, "Many": 0.7538461538461538}, "image_quantity_level-Result": {"Few": [0, 0], "Medium": [101, 135], "Many": [49, 65]}}