{"Accuracy": 0.446875, "image_quantity_level-Accuracy": {"Few": 0.95, "Medium": 0.6307692307692307, "Many": 0.24705882352941178}, "image_quantity_level-Result": {"Few": [19, 20], "Medium": [82, 130], "Many": [42, 170]}}