{"Rouge-L f": 0.27530558341914807, "image_quantity_level-Accuracy": {"Few": 0.27530558341914807, "Medium": 0, "Many": 0}, "image_quantity_level-Result": {"Few": [55.0611166838296, 200], "Medium": [0, 0], "Many": [0, 0]}}