{"Accuracy": 0.105, "image_quantity_level-Accuracy": {"Few": 0, "Medium": 0.1111111111111111, "Many": 0.09230769230769231}, "image_quantity_level-Result": {"Few": [0, 0], "Medium": [15, 135], "Many": [6, 65]}}