{"Rouge-L f": 0.29719666759599056, "image_quantity_level-Accuracy": {"Few": 0.29719666759599056, "Medium": 0, "Many": 0}, "image_quantity_level-Result": {"Few": [59.4393335191981, 200], "Medium": [0, 0], "Many": [0, 0]}}