{"Accuracy": 0.515, "image_quantity_level-Accuracy": {"Few": 0, "Medium": 0.5103448275862069, "Many": 0.5272727272727272}, "image_quantity_level-Result": {"Few": [0, 0], "Medium": [74, 145], "Many": [29, 55]}}