{"Rouge-L f": 0.23735213673942657, "image_quantity_level-Accuracy": {"Few": 0.23735213673942657, "Medium": 0, "Many": 0}, "image_quantity_level-Result": {"Few": [47.47042734788535, 200], "Medium": [0, 0], "Many": [0, 0]}}