{"Accuracy": 0.73, "image_quantity_level-Accuracy": {"Few": 0.7424242424242424, "Medium": 0.7238805970149254, "Many": 0}, "image_quantity_level-Result": {"Few": [49, 66], "Medium": [97, 134], "Many": [0, 0]}}