{"Rouge-L f": 0.10230162924970003, "image_quantity_level-Accuracy": {"Few": 0.10230162924970003, "Medium": 0, "Many": 0}, "image_quantity_level-Result": {"Few": [20.460325849940013, 200], "Medium": [0, 0], "Many": [0, 0]}}