{"Accuracy": 0.335, "image_quantity_level-Accuracy": {"Few": 0, "Medium": 0.35172413793103446, "Many": 0.2909090909090909}, "image_quantity_level-Result": {"Few": [0, 0], "Medium": [51, 145], "Many": [16, 55]}}