{"Accuracy": 0.32, "image_quantity_level-Accuracy": {"Few": 0, "Medium": 0.3107344632768362, "Many": 0.391304347826087}, "image_quantity_level-Result": {"Few": [0, 0], "Medium": [55, 177], "Many": [9, 23]}}