{"Accuracy": 0.325, "image_quantity_level-Accuracy": {"Few": 0.2878787878787879, "Medium": 0.34328358208955223, "Many": 0}, "image_quantity_level-Result": {"Few": [19, 66], "Medium": [46, 134], "Many": [0, 0]}}