{"Rouge-L f": 0.09520065026707769, "image_quantity_level-Accuracy": {"Few": 0.09520065026707769, "Medium": 0, "Many": 0}, "image_quantity_level-Result": {"Few": [19.040130053415535, 200], "Medium": [0, 0], "Many": [0, 0]}}