{"Accuracy": 0.775, "image_quantity_level-Accuracy": {"Few": 0.7670454545454546, "Medium": 0.8333333333333334, "Many": 0}, "image_quantity_level-Result": {"Few": [135, 176], "Medium": [20, 24], "Many": [0, 0]}}