{"Accuracy": 0.3, "image_quantity_level-Accuracy": {"Few": 0.2878787878787879, "Medium": 0.30597014925373134, "Many": 0}, "image_quantity_level-Result": {"Few": [19, 66], "Medium": [41, 134], "Many": [0, 0]}}