{"Accuracy": 0.11, "image_quantity_level-Accuracy": {"Few": 0, "Medium": 0.12408759124087591, "Many": 0.07936507936507936}, "image_quantity_level-Result": {"Few": [0, 0], "Medium": [17, 137], "Many": [5, 63]}}