{"Accuracy": 0.78, "image_quantity_level-Accuracy": {"Few": 0, "Medium": 0.7883211678832117, "Many": 0.7619047619047619}, "image_quantity_level-Result": {"Few": [0, 0], "Medium": [108, 137], "Many": [48, 63]}}