{"Rouge-L f": 0.2174501152468489, "image_quantity_level-Accuracy": {"Few": 0.2174501152468489, "Medium": 0, "Many": 0}, "image_quantity_level-Result": {"Few": [43.490023049369775, 200], "Medium": [0, 0], "Many": [0, 0]}}