{"Rouge-L f": 0.11067028166506145, "image_quantity_level-Accuracy": {"Few": 0.11067028166506145, "Medium": 0, "Many": 0}, "image_quantity_level-Result": {"Few": [22.134056333012282, 200], "Medium": [0, 0], "Many": [0, 0]}}