{"Accuracy": 0.11166666666666666, "image_quantity_level-Accuracy": {"Few": 0, "Medium": 0.13530655391120508, "Many": 0.023622047244094488}, "image_quantity_level-Result": {"Few": [0, 0], "Medium": [64, 473], "Many": [3, 127]}}