{"Rouge-L f": 0.2346232035316878, "image_quantity_level-Accuracy": {"Few": 0.2346232035316878, "Medium": 0, "Many": 0}, "image_quantity_level-Result": {"Few": [46.92464070633757, 200], "Medium": [0, 0], "Many": [0, 0]}}