{"Accuracy": 0.46, "image_quantity_level-Accuracy": {"Few": 0, "Medium": 0.5665961945031712, "Many": 0.06299212598425197}, "image_quantity_level-Result": {"Few": [0, 0], "Medium": [268, 473], "Many": [8, 127]}}