{"Rouge-L f": 0.24965074377187257, "image_quantity_level-Accuracy": {"Few": 0.24965074377187257, "Medium": 0, "Many": 0}, "image_quantity_level-Result": {"Few": [49.93014875437448, 200], "Medium": [0, 0], "Many": [0, 0]}}