{"Rouge-L f": 0.10826071443287608, "image_quantity_level-Accuracy": {"Few": 0.10826071443287608, "Medium": 0, "Many": 0}, "image_quantity_level-Result": {"Few": [21.652142886575213, 200], "Medium": [0, 0], "Many": [0, 0]}}