{"Rouge-L f": 0.19045767839550812, "image_quantity_level-Accuracy": {"Few": 0.19045767839550812, "Medium": 0, "Many": 0}, "image_quantity_level-Result": {"Few": [38.09153567910162, 200], "Medium": [0, 0], "Many": [0, 0]}}