{"Accuracy": 0.76, "image_quantity_level-Accuracy": {"Few": 0, "Medium": 0.7591240875912408, "Many": 0.7619047619047619}, "image_quantity_level-Result": {"Few": [0, 0], "Medium": [104, 137], "Many": [48, 63]}}