{"Accuracy": 0.775, "image_quantity_level-Accuracy": {"Few": 0.7727272727272727, "Medium": 0.7916666666666666, "Many": 0}, "image_quantity_level-Result": {"Few": [136, 176], "Medium": [19, 24], "Many": [0, 0]}}