{"Accuracy": 0.07, "image_quantity_level-Accuracy": {"Few": 0, "Medium": 0.06666666666666667, "Many": 0.07027027027027027}, "image_quantity_level-Result": {"Few": [0, 0], "Medium": [1, 15], "Many": [13, 185]}}