{"Accuracy": 0.57, "image_quantity_level-Accuracy": {"Few": 0, "Medium": 0.5793103448275863, "Many": 0.5454545454545454}, "image_quantity_level-Result": {"Few": [0, 0], "Medium": [84, 145], "Many": [30, 55]}}