{"Accuracy": 0.22333333333333333, "image_quantity_level-Accuracy": {"Few": 0, "Medium": 0.2748414376321353, "Many": 0.031496062992125984}, "image_quantity_level-Result": {"Few": [0, 0], "Medium": [130, 473], "Many": [4, 127]}}