{"Rouge-L f": 0.23546820240513525, "image_quantity_level-Accuracy": {"Few": 0.23546820240513525, "Medium": 0, "Many": 0}, "image_quantity_level-Result": {"Few": [47.093640481027066, 200], "Medium": [0, 0], "Many": [0, 0]}}