{"Accuracy": 0.785, "image_quantity_level-Accuracy": {"Few": 0.8333333333333334, "Medium": 0.7611940298507462, "Many": 0}, "image_quantity_level-Result": {"Few": [55, 66], "Medium": [102, 134], "Many": [0, 0]}}