{"Accuracy": 0.415, "image_quantity_level-Accuracy": {"Few": 0, "Medium": 0.5158562367864693, "Many": 0.03937007874015748}, "image_quantity_level-Result": {"Few": [0, 0], "Medium": [244, 473], "Many": [5, 127]}}