{"Accuracy": 0.35, "image_quantity_level-Accuracy": {"Few": 0, "Medium": 0.3793103448275862, "Many": 0.2727272727272727}, "image_quantity_level-Result": {"Few": [0, 0], "Medium": [55, 145], "Many": [15, 55]}}