{"Accuracy": 0.5, "image_quantity_level-Accuracy": {"Few": 0, "Medium": 0.5849056603773585, "Many": 0.40425531914893614}, "image_quantity_level-Result": {"Few": [0, 0], "Medium": [62, 106], "Many": [38, 94]}}