{"Accuracy": 0.31, "image_quantity_level-Accuracy": {"Few": 0.3020833333333333, "Medium": 0.3173076923076923, "Many": 0}, "image_quantity_level-Result": {"Few": [29, 96], "Medium": [33, 104], "Many": [0, 0]}}