{"Accuracy": 0.295, "image_quantity_level-Accuracy": {"Few": 0.2878787878787879, "Medium": 0.29850746268656714, "Many": 0}, "image_quantity_level-Result": {"Few": [19, 66], "Medium": [40, 134], "Many": [0, 0]}}