{"Accuracy": 0.715, "image_quantity_level-Accuracy": {"Few": 0.6818181818181818, "Medium": 0.7313432835820896, "Many": 0}, "image_quantity_level-Result": {"Few": [45, 66], "Medium": [98, 134], "Many": [0, 0]}}