{"Accuracy": 0.4483333333333333, "image_quantity_level-Accuracy": {"Few": 0, "Medium": 0.5581395348837209, "Many": 0.03937007874015748}, "image_quantity_level-Result": {"Few": [0, 0], "Medium": [264, 473], "Many": [5, 127]}}