{
    "reasoning-text-test": [
        0.730482,
        0.689013,
        0.655851,
        0.564495,
        0.537507,
        0.467264,
        0.478964,
        0.431238,
        0.418723,
        0.364091,
        0.348522
    ],
    "average": 0.5169227272727273,
    "weighted_acc": [
        0.7320574162679426,
        0.69164265129683,
        0.6535947712418301,
        0.5641891891891891,
        0.5344129554655871,
        0.46726190476190477,
        0.4816326530612245,
        0.4336734693877551,
        0.4225352112676056,
        0.3609271523178808,
        0.3484848484848485
    ],
    "sample_number_array": [
        209.0,
        347.0,
        306.0,
        296.0,
        247.0,
        336.0,
        245.0,
        196.0,
        142.0,
        302.0,
        264.0
    ],
    "weighted_avg_acc": 0.5286284953395473,
    "context_ranges": [
        "1k",
        "2k",
        "4k",
        "8k",
        "12k",
        "16k",
        "24k",
        "32k",
        "40k",
        "48k",
        "64k"
    ]
}