{"Rouge-L f": 0.12172520393107096, "image_quantity_level-Accuracy": {"Few": 0.12172520393107096, "Medium": 0, "Many": 0}, "image_quantity_level-Result": {"Few": [24.345040786214202, 200], "Medium": [0, 0], "Many": [0, 0]}}