{"Rouge-L f": 0.37514535926877185, "image_quantity_level-Accuracy": {"Few": 0.37514535926877185, "Medium": 0, "Many": 0}, "image_quantity_level-Result": {"Few": [75.0290718537544, 200], "Medium": [0, 0], "Many": [0, 0]}}