{"Accuracy": 0.790625, "image_quantity_level-Accuracy": {"Few": 0.85, "Medium": 0.8153846153846154, "Many": 0.7647058823529411}, "image_quantity_level-Result": {"Few": [17, 20], "Medium": [106, 130], "Many": [130, 170]}}