{"Accuracy": 0.11833333333333333, "image_quantity_level-Accuracy": {"Few": 0, "Medium": 0.14587737843551796, "Many": 0.015748031496062992}, "image_quantity_level-Result": {"Few": [0, 0], "Medium": [69, 473], "Many": [2, 127]}}