{"Accuracy": 0.41, "image_quantity_level-Accuracy": {"Few": 0, "Medium": 0.4811320754716981, "Many": 0.32978723404255317}, "image_quantity_level-Result": {"Few": [0, 0], "Medium": [51, 106], "Many": [31, 94]}}