{"Rouge-L f": 0.35055670276683515, "image_quantity_level-Accuracy": {"Few": 0.35055670276683515, "Medium": 0, "Many": 0}, "image_quantity_level-Result": {"Few": [70.11134055336709, 200], "Medium": [0, 0], "Many": [0, 0]}}