{"Accuracy": 0.12, "image_quantity_level-Accuracy": {"Few": 0, "Medium": 0.12408759124087591, "Many": 0.1111111111111111}, "image_quantity_level-Result": {"Few": [0, 0], "Medium": [17, 137], "Many": [7, 63]}}