{"Accuracy": 0.28, "image_quantity_level-Accuracy": {"Few": 0, "Medium": 0.3584905660377358, "Many": 0.19148936170212766}, "image_quantity_level-Result": {"Few": [0, 0], "Medium": [38, 106], "Many": [18, 94]}}