{"Accuracy": 0.4583333333333333, "image_quantity_level-Accuracy": {"Few": 0, "Medium": 0.5517970401691332, "Many": 0.11023622047244094}, "image_quantity_level-Result": {"Few": [0, 0], "Medium": [261, 473], "Many": [14, 127]}}