{"Rouge-L f": 0.1466598192488241, "image_quantity_level-Accuracy": {"Few": 0.1466598192488241, "Medium": 0, "Many": 0}, "image_quantity_level-Result": {"Few": [29.3319638497648, 200], "Medium": [0, 0], "Many": [0, 0]}}