{"Accuracy": 0.145, "image_quantity_level-Accuracy": {"Few": 0, "Medium": 0.15555555555555556, "Many": 0.12307692307692308}, "image_quantity_level-Result": {"Few": [0, 0], "Medium": [21, 135], "Many": [8, 65]}}