{"Rouge-L f": 0.11662113426971517, "image_quantity_level-Accuracy": {"Few": 0.11662113426971517, "Medium": 0, "Many": 0}, "image_quantity_level-Result": {"Few": [23.324226853943028, 200], "Medium": [0, 0], "Many": [0, 0]}}