{"Accuracy": 0.235, "image_quantity_level-Accuracy": {"Few": 0.18181818181818182, "Medium": 0.26119402985074625, "Many": 0}, "image_quantity_level-Result": {"Few": [12, 66], "Medium": [35, 134], "Many": [0, 0]}}