{"Accuracy": 0.415, "image_quantity_level-Accuracy": {"Few": 0, "Medium": 0.3333333333333333, "Many": 0.42162162162162165}, "image_quantity_level-Result": {"Few": [0, 0], "Medium": [5, 15], "Many": [78, 185]}}