{"Accuracy": 0.355, "image_quantity_level-Accuracy": {"Few": 0, "Medium": 0.3559322033898305, "Many": 0.34782608695652173}, "image_quantity_level-Result": {"Few": [0, 0], "Medium": [63, 177], "Many": [8, 23]}}