{"Rouge-L f": 0.3886260281231998, "image_quantity_level-Accuracy": {"Few": 0.3886260281231998, "Medium": 0, "Many": 0}, "image_quantity_level-Result": {"Few": [77.7252056246399, 200], "Medium": [0, 0], "Many": [0, 0]}}