{"Rouge-L f": 0.3891780211292309, "image_quantity_level-Accuracy": {"Few": 0.3891780211292309, "Medium": 0, "Many": 0}, "image_quantity_level-Result": {"Few": [77.83560422584615, 200], "Medium": [0, 0], "Many": [0, 0]}}