{"Accuracy": 0.12666666666666668, "image_quantity_level-Accuracy": {"Few": 0, "Medium": 0.15644820295983086, "Many": 0.015748031496062992}, "image_quantity_level-Result": {"Few": [0, 0], "Medium": [74, 473], "Many": [2, 127]}}