{"Accuracy": 0.38, "image_quantity_level-Accuracy": {"Few": 0, "Medium": 0.4528301886792453, "Many": 0.2978723404255319}, "image_quantity_level-Result": {"Few": [0, 0], "Medium": [48, 106], "Many": [28, 94]}}