{"Rouge-L f": 0.3572295208321752, "image_quantity_level-Accuracy": {"Few": 0.3572295208321752, "Medium": 0, "Many": 0}, "image_quantity_level-Result": {"Few": [71.44590416643504, 200], "Medium": [0, 0], "Many": [0, 0]}}