{"Accuracy": 0.145, "image_quantity_level-Accuracy": {"Few": 0, "Medium": 0.14074074074074075, "Many": 0.15384615384615385}, "image_quantity_level-Result": {"Few": [0, 0], "Medium": [19, 135], "Many": [10, 65]}}