{"Accuracy": 0.753125, "image_quantity_level-Accuracy": {"Few": 0.85, "Medium": 0.7692307692307693, "Many": 0.7294117647058823}, "image_quantity_level-Result": {"Few": [17, 20], "Medium": [100, 130], "Many": [124, 170]}}