{"Accuracy": 0.16, "image_quantity_level-Accuracy": {"Few": 0, "Medium": 0.22641509433962265, "Many": 0.0851063829787234}, "image_quantity_level-Result": {"Few": [0, 0], "Medium": [24, 106], "Many": [8, 94]}}