{"Accuracy": 0.62, "image_quantity_level-Accuracy": {"Few": 0.6515151515151515, "Medium": 0.6044776119402985, "Many": 0}, "image_quantity_level-Result": {"Few": [43, 66], "Medium": [81, 134], "Many": [0, 0]}}