{"Accuracy": 0.35, "image_quantity_level-Accuracy": {"Few": 0.30303030303030304, "Medium": 0.373134328358209, "Many": 0}, "image_quantity_level-Result": {"Few": [20, 66], "Medium": [50, 134], "Many": [0, 0]}}