{"Accuracy": 0.215, "image_quantity_level-Accuracy": {"Few": 0.22702702702702704, "Medium": 0.06666666666666667, "Many": 0}, "image_quantity_level-Result": {"Few": [42, 185], "Medium": [1, 15], "Many": [0, 0]}}