{"Rouge-L f": 0.25749680365573513, "image_quantity_level-Accuracy": {"Few": 0.25749680365573513, "Medium": 0, "Many": 0}, "image_quantity_level-Result": {"Few": [51.499360731147014, 200], "Medium": [0, 0], "Many": [0, 0]}}