{"Accuracy": 0.235, "image_quantity_level-Accuracy": {"Few": 0.24864864864864866, "Medium": 0.06666666666666667, "Many": 0}, "image_quantity_level-Result": {"Few": [46, 185], "Medium": [1, 15], "Many": [0, 0]}}