{"Accuracy": 0.325, "image_quantity_level-Accuracy": {"Few": 0, "Medium": 0.3333333333333333, "Many": 0.2608695652173913}, "image_quantity_level-Result": {"Few": [0, 0], "Medium": [59, 177], "Many": [6, 23]}}