{"Accuracy": 0.095, "image_quantity_level-Accuracy": {"Few": 0, "Medium": 0.1016949152542373, "Many": 0.043478260869565216}, "image_quantity_level-Result": {"Few": [0, 0], "Medium": [18, 177], "Many": [1, 23]}}