{"Rouge-L f": 0.1312526468144445, "image_quantity_level-Accuracy": {"Few": 0.1312526468144445, "Medium": 0, "Many": 0}, "image_quantity_level-Result": {"Few": [26.250529362888912, 200], "Medium": [0, 0], "Many": [0, 0]}}