{"Rouge-L f": 0.25478659611452864, "image_quantity_level-Accuracy": {"Few": 0.25478659611452864, "Medium": 0, "Many": 0}, "image_quantity_level-Result": {"Few": [50.95731922290574, 200], "Medium": [0, 0], "Many": [0, 0]}}