{"Accuracy": 0.535, "image_quantity_level-Accuracy": {"Few": 0.5170454545454546, "Medium": 0.6666666666666666, "Many": 0}, "image_quantity_level-Result": {"Few": [91, 176], "Medium": [16, 24], "Many": [0, 0]}}