{"Accuracy": 0.34, "image_quantity_level-Accuracy": {"Few": 0, "Medium": 0.3310344827586207, "Many": 0.36363636363636365}, "image_quantity_level-Result": {"Few": [0, 0], "Medium": [48, 145], "Many": [20, 55]}}