{"Accuracy": 0.255, "image_quantity_level-Accuracy": {"Few": 0.2708333333333333, "Medium": 0.2403846153846154, "Many": 0}, "image_quantity_level-Result": {"Few": [26, 96], "Medium": [25, 104], "Many": [0, 0]}}