{"Accuracy": 0.42, "image_quantity_level-Accuracy": {"Few": 0, "Medium": 0.3333333333333333, "Many": 0.42702702702702705}, "image_quantity_level-Result": {"Few": [0, 0], "Medium": [5, 15], "Many": [79, 185]}}