{"Accuracy": 0.659375, "image_quantity_level-Accuracy": {"Few": 1.0, "Medium": 0.8076923076923077, "Many": 0.5058823529411764}, "image_quantity_level-Result": {"Few": [20, 20], "Medium": [105, 130], "Many": [86, 170]}}