{"Accuracy": 0.18125, "image_quantity_level-Accuracy": {"Few": 0.9, "Medium": 0.2153846153846154, "Many": 0.07058823529411765}, "image_quantity_level-Result": {"Few": [18, 20], "Medium": [28, 130], "Many": [12, 170]}}