{"Rouge-L f": 0.3523748280612491, "image_quantity_level-Accuracy": {"Few": 0.3523748280612491, "Medium": 0, "Many": 0}, "image_quantity_level-Result": {"Few": [70.4749656122498, 200], "Medium": [0, 0], "Many": [0, 0]}}