{"Accuracy": 0.04, "image_quantity_level-Accuracy": {"Few": 0, "Medium": 0.05660377358490566, "Many": 0.02127659574468085}, "image_quantity_level-Result": {"Few": [0, 0], "Medium": [6, 106], "Many": [2, 94]}}