{"Accuracy": 0.085, "image_quantity_level-Accuracy": {"Few": 0, "Medium": 0.08148148148148149, "Many": 0.09230769230769231}, "image_quantity_level-Result": {"Few": [0, 0], "Medium": [11, 135], "Many": [6, 65]}}