{"Accuracy": 0.425, "image_quantity_level-Accuracy": {"Few": 1.0, "Medium": 0.6923076923076923, "Many": 0.15294117647058825}, "image_quantity_level-Result": {"Few": [20, 20], "Medium": [90, 130], "Many": [26, 170]}}