{"Rouge-L f": 0.35443324658126074, "image_quantity_level-Accuracy": {"Few": 0.35443324658126074, "Medium": 0, "Many": 0}, "image_quantity_level-Result": {"Few": [70.88664931625216, 200], "Medium": [0, 0], "Many": [0, 0]}}