{"Accuracy": 0.296875, "image_quantity_level-Accuracy": {"Few": 0.6, "Medium": 0.4076923076923077, "Many": 0.17647058823529413}, "image_quantity_level-Result": {"Few": [12, 20], "Medium": [53, 130], "Many": [30, 170]}}