{"Rouge-L f": 0.13032187345364968, "image_quantity_level-Accuracy": {"Few": 0.13032187345364968, "Medium": 0, "Many": 0}, "image_quantity_level-Result": {"Few": [26.06437469072994, 200], "Medium": [0, 0], "Many": [0, 0]}}