{"Accuracy": 0.165, "image_quantity_level-Accuracy": {"Few": 0, "Medium": 0.22641509433962265, "Many": 0.09574468085106383}, "image_quantity_level-Result": {"Few": [0, 0], "Medium": [24, 106], "Many": [9, 94]}}