{"Accuracy": 0.545, "image_quantity_level-Accuracy": {"Few": 0, "Medium": 0.5310344827586206, "Many": 0.5818181818181818}, "image_quantity_level-Result": {"Few": [0, 0], "Medium": [77, 145], "Many": [32, 55]}}