{"Accuracy": 0.27, "image_quantity_level-Accuracy": {"Few": 0, "Medium": 0.25806451612903225, "Many": 0.2894736842105263}, "image_quantity_level-Result": {"Few": [0, 0], "Medium": [32, 124], "Many": [22, 76]}}