{"Accuracy": 0.790625, "image_quantity_level-Accuracy": {"Few": 0.75, "Medium": 0.8384615384615385, "Many": 0.7588235294117647}, "image_quantity_level-Result": {"Few": [15, 20], "Medium": [109, 130], "Many": [129, 170]}}