{"Rouge-L f": 0.3450987617094606, "image_quantity_level-Accuracy": {"Few": 0.3450987617094606, "Medium": 0, "Many": 0}, "image_quantity_level-Result": {"Few": [69.01975234189214, 200], "Medium": [0, 0], "Many": [0, 0]}}