{"Rouge-L f": 0.2628264742693901, "image_quantity_level-Accuracy": {"Few": 0.2628264742693901, "Medium": 0, "Many": 0}, "image_quantity_level-Result": {"Few": [52.56529485387801, 200], "Medium": [0, 0], "Many": [0, 0]}}