{"Accuracy": 0.13, "image_quantity_level-Accuracy": {"Few": 0, "Medium": 0.12408759124087591, "Many": 0.14285714285714285}, "image_quantity_level-Result": {"Few": [0, 0], "Medium": [17, 137], "Many": [9, 63]}}