{"Accuracy": 0.925, "image_quantity_level-Accuracy": {"Few": 0.9405405405405406, "Medium": 0.7333333333333333, "Many": 0}, "image_quantity_level-Result": {"Few": [174, 185], "Medium": [11, 15], "Many": [0, 0]}}