{"Accuracy": 0.76, "image_quantity_level-Accuracy": {"Few": 0.803030303030303, "Medium": 0.7388059701492538, "Many": 0}, "image_quantity_level-Result": {"Few": [53, 66], "Medium": [99, 134], "Many": [0, 0]}}