{"Accuracy": 0.105, "image_quantity_level-Accuracy": {"Few": 0, "Medium": 0.06666666666666667, "Many": 0.10810810810810811}, "image_quantity_level-Result": {"Few": [0, 0], "Medium": [1, 15], "Many": [20, 185]}}