{
    "counting-text-test": [
        0.003444,
        0.0,
        0.0,
        0.005745,
        0.004125,
        0.000752,
        0.0,
        0.00293,
        0.003846,
        0.0,
        0.0
    ],
    "average": 0.0018947272727272723,
    "weighted_acc": [
        0.004016064257028112,
        0.0,
        0.0,
        0.009070294784580499,
        0.004820936639118457,
        0.0014326647564469914,
        0.0,
        0.006259780907668231,
        0.006622516556291391,
        0.0,
        0.0
    ],
    "sample_number_array": [
        249.0,
        336.0,
        317.0,
        294.0,
        242.0,
        349.0,
        232.0,
        213.0,
        151.0,
        284.0,
        283.0
    ],
    "weighted_avg_acc": 0.0028322440087145966,
    "context_ranges": [
        "1k",
        "2k",
        "4k",
        "8k",
        "12k",
        "16k",
        "24k",
        "32k",
        "40k",
        "48k",
        "64k"
    ]
}