{"Accuracy": 0.11, "image_quantity_level-Accuracy": {"Few": 0, "Medium": 0.10377358490566038, "Many": 0.11702127659574468}, "image_quantity_level-Result": {"Few": [0, 0], "Medium": [11, 106], "Many": [11, 94]}}