{"Accuracy": 0.778125, "image_quantity_level-Accuracy": {"Few": 0.8, "Medium": 0.8153846153846154, "Many": 0.7470588235294118}, "image_quantity_level-Result": {"Few": [16, 20], "Medium": [106, 130], "Many": [127, 170]}}