{"Rouge-L f": 0.2163794351544067, "image_quantity_level-Accuracy": {"Few": 0.2163794351544067, "Medium": 0, "Many": 0}, "image_quantity_level-Result": {"Few": [43.27588703088131, 200], "Medium": [0, 0], "Many": [0, 0]}}