{"Rouge-L f": 0.318889958003904, "image_quantity_level-Accuracy": {"Few": 0.318889958003904, "Medium": 0, "Many": 0}, "image_quantity_level-Result": {"Few": [63.777991600780766, 200], "Medium": [0, 0], "Many": [0, 0]}}