{"Accuracy": 0.215, "image_quantity_level-Accuracy": {"Few": 0, "Medium": 0.23387096774193547, "Many": 0.18421052631578946}, "image_quantity_level-Result": {"Few": [0, 0], "Medium": [29, 124], "Many": [14, 76]}}