{"Accuracy": 0.52, "image_quantity_level-Accuracy": {"Few": 0, "Medium": 0.496551724137931, "Many": 0.5818181818181818}, "image_quantity_level-Result": {"Few": [0, 0], "Medium": [72, 145], "Many": [32, 55]}}