{"Rouge-L f": 0.2553410494801286, "image_quantity_level-Accuracy": {"Few": 0.2553410494801286, "Medium": 0, "Many": 0}, "image_quantity_level-Result": {"Few": [51.06820989602572, 200], "Medium": [0, 0], "Many": [0, 0]}}