{"Accuracy": 0.12, "image_quantity_level-Accuracy": {"Few": 0.13068181818181818, "Medium": 0.041666666666666664, "Many": 0}, "image_quantity_level-Result": {"Few": [23, 176], "Medium": [1, 24], "Many": [0, 0]}}