{"Accuracy": 0.375, "image_quantity_level-Accuracy": {"Few": 0, "Medium": 0.4528301886792453, "Many": 0.2872340425531915}, "image_quantity_level-Result": {"Few": [0, 0], "Medium": [48, 106], "Many": [27, 94]}}