{"Rouge-L f": 0.1518272544172861, "image_quantity_level-Accuracy": {"Few": 0.1518272544172861, "Medium": 0, "Many": 0}, "image_quantity_level-Result": {"Few": [30.365450883457218, 200], "Medium": [0, 0], "Many": [0, 0]}}