{"Rouge-L f": 0.2679924596990631, "image_quantity_level-Accuracy": {"Few": 0.2679924596990631, "Medium": 0, "Many": 0}, "image_quantity_level-Result": {"Few": [53.598491939812625, 200], "Medium": [0, 0], "Many": [0, 0]}}