{"Accuracy": 0.42, "image_quantity_level-Accuracy": {"Few": 0, "Medium": 0.4206896551724138, "Many": 0.41818181818181815}, "image_quantity_level-Result": {"Few": [0, 0], "Medium": [61, 145], "Many": [23, 55]}}