{"Accuracy": 0.315, "image_quantity_level-Accuracy": {"Few": 0, "Medium": 0.26666666666666666, "Many": 0.31891891891891894}, "image_quantity_level-Result": {"Few": [0, 0], "Medium": [4, 15], "Many": [59, 185]}}