{"Rouge-L f": 0.12643133882753138, "image_quantity_level-Accuracy": {"Few": 0.12643133882753138, "Medium": 0, "Many": 0}, "image_quantity_level-Result": {"Few": [25.286267765506267, 200], "Medium": [0, 0], "Many": [0, 0]}}