{"Accuracy": 0.1, "image_quantity_level-Accuracy": {"Few": 0, "Medium": 0.1111111111111111, "Many": 0.07692307692307693}, "image_quantity_level-Result": {"Few": [0, 0], "Medium": [15, 135], "Many": [5, 65]}}