{"Accuracy": 0.13, "image_quantity_level-Accuracy": {"Few": 0, "Medium": 0.16037735849056603, "Many": 0.09574468085106383}, "image_quantity_level-Result": {"Few": [0, 0], "Medium": [17, 106], "Many": [9, 94]}}