{"Accuracy": 0.125, "image_quantity_level-Accuracy": {"Few": 0, "Medium": 0.10483870967741936, "Many": 0.15789473684210525}, "image_quantity_level-Result": {"Few": [0, 0], "Medium": [13, 124], "Many": [12, 76]}}