{"Accuracy": 0.245, "image_quantity_level-Accuracy": {"Few": 0, "Medium": 0.23387096774193547, "Many": 0.2631578947368421}, "image_quantity_level-Result": {"Few": [0, 0], "Medium": [29, 124], "Many": [20, 76]}}