{"Accuracy": 0.075, "image_quantity_level-Accuracy": {"Few": 0, "Medium": 0.06666666666666667, "Many": 0.07567567567567568}, "image_quantity_level-Result": {"Few": [0, 0], "Medium": [1, 15], "Many": [14, 185]}}