{"Rouge-L f": 0.11272284249735881, "image_quantity_level-Accuracy": {"Few": 0.11272284249735881, "Medium": 0, "Many": 0}, "image_quantity_level-Result": {"Few": [22.54456849947176, 200], "Medium": [0, 0], "Many": [0, 0]}}