{"Accuracy": 0.12, "image_quantity_level-Accuracy": {"Few": 0, "Medium": 0.0962962962962963, "Many": 0.16923076923076924}, "image_quantity_level-Result": {"Few": [0, 0], "Medium": [13, 135], "Many": [11, 65]}}