{"Accuracy": 0.315, "image_quantity_level-Accuracy": {"Few": 0, "Medium": 0.330188679245283, "Many": 0.2978723404255319}, "image_quantity_level-Result": {"Few": [0, 0], "Medium": [35, 106], "Many": [28, 94]}}