{"Accuracy": 0.37, "image_quantity_level-Accuracy": {"Few": 0, "Medium": 0.3793103448275862, "Many": 0.34545454545454546}, "image_quantity_level-Result": {"Few": [0, 0], "Medium": [55, 145], "Many": [19, 55]}}