{"Rouge-L f": 0.2286350328346246, "image_quantity_level-Accuracy": {"Few": 0.2286350328346246, "Medium": 0, "Many": 0}, "image_quantity_level-Result": {"Few": [45.72700656692493, 200], "Medium": [0, 0], "Many": [0, 0]}}