{"Accuracy": 0.105, "image_quantity_level-Accuracy": {"Few": 0, "Medium": 0.12896405919661733, "Many": 0.015748031496062992}, "image_quantity_level-Result": {"Few": [0, 0], "Medium": [61, 473], "Many": [2, 127]}}