{"Rouge-L f": 0.24291650245466642, "image_quantity_level-Accuracy": {"Few": 0.24291650245466642, "Medium": 0, "Many": 0}, "image_quantity_level-Result": {"Few": [48.58330049093327, 200], "Medium": [0, 0], "Many": [0, 0]}}