{"Accuracy": 0.11, "image_quantity_level-Accuracy": {"Few": 0, "Medium": 0.1259259259259259, "Many": 0.07692307692307693}, "image_quantity_level-Result": {"Few": [0, 0], "Medium": [17, 135], "Many": [5, 65]}}