{"Accuracy": 0.02, "image_quantity_level-Accuracy": {"Few": 0, "Medium": 0.024193548387096774, "Many": 0.013157894736842105}, "image_quantity_level-Result": {"Few": [0, 0], "Medium": [3, 124], "Many": [1, 76]}}