{"Rouge-L f": 0.3184002456696467, "image_quantity_level-Accuracy": {"Few": 0.3184002456696467, "Medium": 0, "Many": 0}, "image_quantity_level-Result": {"Few": [63.68004913392934, 200], "Medium": [0, 0], "Many": [0, 0]}}