{"Accuracy": 0.285, "image_quantity_level-Accuracy": {"Few": 0, "Medium": 0.30344827586206896, "Many": 0.23636363636363636}, "image_quantity_level-Result": {"Few": [0, 0], "Medium": [44, 145], "Many": [13, 55]}}