{"Accuracy": 0.24, "image_quantity_level-Accuracy": {"Few": 0, "Medium": 0.24858757062146894, "Many": 0.17391304347826086}, "image_quantity_level-Result": {"Few": [0, 0], "Medium": [44, 177], "Many": [4, 23]}}