{"Accuracy": 0.49333333333333335, "image_quantity_level-Accuracy": {"Few": 0, "Medium": 0.5983086680761099, "Many": 0.10236220472440945}, "image_quantity_level-Result": {"Few": [0, 0], "Medium": [283, 473], "Many": [13, 127]}}