{"Accuracy": 0.35, "image_quantity_level-Accuracy": {"Few": 0.3181818181818182, "Medium": 0.3656716417910448, "Many": 0}, "image_quantity_level-Result": {"Few": [21, 66], "Medium": [49, 134], "Many": [0, 0]}}