{"Rouge-L f": 0.12624944167606159, "image_quantity_level-Accuracy": {"Few": 0.12624944167606159, "Medium": 0, "Many": 0}, "image_quantity_level-Result": {"Few": [25.249888335212322, 200], "Medium": [0, 0], "Many": [0, 0]}}