{"Rouge-L f": 0.23999285434003859, "image_quantity_level-Accuracy": {"Few": 0.23999285434003859, "Medium": 0, "Many": 0}, "image_quantity_level-Result": {"Few": [47.998570868007725, 200], "Medium": [0, 0], "Many": [0, 0]}}