{"Accuracy": 0.17, "image_quantity_level-Accuracy": {"Few": 0, "Medium": 0.26666666666666666, "Many": 0.16216216216216217}, "image_quantity_level-Result": {"Few": [0, 0], "Medium": [4, 15], "Many": [30, 185]}}