{"Rouge-L f": 0.11453514350306715, "image_quantity_level-Accuracy": {"Few": 0.11453514350306715, "Medium": 0, "Many": 0}, "image_quantity_level-Result": {"Few": [22.907028700613427, 200], "Medium": [0, 0], "Many": [0, 0]}}