{"Accuracy": 0.778125, "image_quantity_level-Accuracy": {"Few": 0.8, "Medium": 0.823076923076923, "Many": 0.7411764705882353}, "image_quantity_level-Result": {"Few": [16, 20], "Medium": [107, 130], "Many": [126, 170]}}