{"Rouge-L f": 0.19822511195712444, "image_quantity_level-Accuracy": {"Few": 0.19822511195712444, "Medium": 0, "Many": 0}, "image_quantity_level-Result": {"Few": [39.6450223914249, 200], "Medium": [0, 0], "Many": [0, 0]}}