{"Accuracy": 0.21, "image_quantity_level-Accuracy": {"Few": 0, "Medium": 0.23387096774193547, "Many": 0.17105263157894737}, "image_quantity_level-Result": {"Few": [0, 0], "Medium": [29, 124], "Many": [13, 76]}}