{"Accuracy": 0.04, "image_quantity_level-Accuracy": {"Few": 0, "Medium": 0.13333333333333333, "Many": 0.032432432432432434}, "image_quantity_level-Result": {"Few": [0, 0], "Medium": [2, 15], "Many": [6, 185]}}