{"Accuracy": 0.453125, "image_quantity_level-Accuracy": {"Few": 1.0, "Medium": 0.6692307692307692, "Many": 0.2235294117647059}, "image_quantity_level-Result": {"Few": [20, 20], "Medium": [87, 130], "Many": [38, 170]}}