{"Rouge-L f": 0.3647703434334102, "image_quantity_level-Accuracy": {"Few": 0.3647703434334102, "Medium": 0, "Many": 0}, "image_quantity_level-Result": {"Few": [72.95406868668205, 200], "Medium": [0, 0], "Many": [0, 0]}}