{"Rouge-L f": 0.2109002662645912, "image_quantity_level-Accuracy": {"Few": 0.2109002662645912, "Medium": 0, "Many": 0}, "image_quantity_level-Result": {"Few": [42.18005325291821, 200], "Medium": [0, 0], "Many": [0, 0]}}