{"Rouge-L f": 0.13286345778682992, "image_quantity_level-Accuracy": {"Few": 0.13286345778682992, "Medium": 0, "Many": 0}, "image_quantity_level-Result": {"Few": [26.572691557365985, 200], "Medium": [0, 0], "Many": [0, 0]}}