{"Accuracy": 0.04, "image_quantity_level-Accuracy": {"Few": 0, "Medium": 0.0364963503649635, "Many": 0.047619047619047616}, "image_quantity_level-Result": {"Few": [0, 0], "Medium": [5, 137], "Many": [3, 63]}}