{"Accuracy": 0.275, "image_quantity_level-Accuracy": {"Few": 0, "Medium": 0.291970802919708, "Many": 0.23809523809523808}, "image_quantity_level-Result": {"Few": [0, 0], "Medium": [40, 137], "Many": [15, 63]}}