{"Accuracy": 0.31, "image_quantity_level-Accuracy": {"Few": 0, "Medium": 0.3107344632768362, "Many": 0.30434782608695654}, "image_quantity_level-Result": {"Few": [0, 0], "Medium": [55, 177], "Many": [7, 23]}}