{"Accuracy": 0.62, "image_quantity_level-Accuracy": {"Few": 0, "Medium": 0.6068965517241379, "Many": 0.6545454545454545}, "image_quantity_level-Result": {"Few": [0, 0], "Medium": [88, 145], "Many": [36, 55]}}