{"Accuracy": 0.27, "image_quantity_level-Accuracy": {"Few": 0.2727272727272727, "Medium": 0.26865671641791045, "Many": 0}, "image_quantity_level-Result": {"Few": [18, 66], "Medium": [36, 134], "Many": [0, 0]}}