{"Accuracy": 0.08, "image_quantity_level-Accuracy": {"Few": 0, "Medium": 0.13333333333333333, "Many": 0.07567567567567568}, "image_quantity_level-Result": {"Few": [0, 0], "Medium": [2, 15], "Many": [14, 185]}}