{"Accuracy": 0.295, "image_quantity_level-Accuracy": {"Few": 0.3181818181818182, "Medium": 0.2835820895522388, "Many": 0}, "image_quantity_level-Result": {"Few": [21, 66], "Medium": [38, 134], "Many": [0, 0]}}