{"Accuracy": 0.445, "image_quantity_level-Accuracy": {"Few": 0, "Medium": 0.5306553911205074, "Many": 0.12598425196850394}, "image_quantity_level-Result": {"Few": [0, 0], "Medium": [251, 473], "Many": [16, 127]}}