{"Accuracy": 0.53125, "image_quantity_level-Accuracy": {"Few": 1.0, "Medium": 0.8846153846153846, "Many": 0.20588235294117646}, "image_quantity_level-Result": {"Few": [20, 20], "Medium": [115, 130], "Many": [35, 170]}}