{"Accuracy": 0.66, "image_quantity_level-Accuracy": {"Few": 0.7121212121212122, "Medium": 0.6343283582089553, "Many": 0}, "image_quantity_level-Result": {"Few": [47, 66], "Medium": [85, 134], "Many": [0, 0]}}