{"Accuracy": 0.23, "image_quantity_level-Accuracy": {"Few": 0.22702702702702704, "Medium": 0.26666666666666666, "Many": 0}, "image_quantity_level-Result": {"Few": [42, 185], "Medium": [4, 15], "Many": [0, 0]}}