{"Accuracy": 0.84, "image_quantity_level-Accuracy": {"Few": 0, "Medium": 0.8145161290322581, "Many": 0.881578947368421}, "image_quantity_level-Result": {"Few": [0, 0], "Medium": [101, 124], "Many": [67, 76]}}