{"Rouge-L f": 0.19163366152283212, "image_quantity_level-Accuracy": {"Few": 0.19163366152283212, "Medium": 0, "Many": 0}, "image_quantity_level-Result": {"Few": [38.32673230456642, 200], "Medium": [0, 0], "Many": [0, 0]}}