{"Accuracy": 0.06, "image_quantity_level-Accuracy": {"Few": 0, "Medium": 0.04838709677419355, "Many": 0.07894736842105263}, "image_quantity_level-Result": {"Few": [0, 0], "Medium": [6, 124], "Many": [6, 76]}}