{"Rouge-L f": 0.2821919278899784, "image_quantity_level-Accuracy": {"Few": 0.2821919278899784, "Medium": 0, "Many": 0}, "image_quantity_level-Result": {"Few": [56.438385577995696, 200], "Medium": [0, 0], "Many": [0, 0]}}