{"Accuracy": 0.745, "image_quantity_level-Accuracy": {"Few": 0, "Medium": 0.7299270072992701, "Many": 0.7777777777777778}, "image_quantity_level-Result": {"Few": [0, 0], "Medium": [100, 137], "Many": [49, 63]}}