{"Rouge-L f": 0.1995893005602096, "image_quantity_level-Accuracy": {"Few": 0.1995893005602096, "Medium": 0, "Many": 0}, "image_quantity_level-Result": {"Few": [39.91786011204192, 200], "Medium": [0, 0], "Many": [0, 0]}}