{"Rouge-L f": 0.22351870606375027, "image_quantity_level-Accuracy": {"Few": 0.22351870606375027, "Medium": 0, "Many": 0}, "image_quantity_level-Result": {"Few": [44.703741212750074, 200], "Medium": [0, 0], "Many": [0, 0]}}