{"Rouge-L f": 0.21065388143081676, "image_quantity_level-Accuracy": {"Few": 0.21065388143081676, "Medium": 0, "Many": 0}, "image_quantity_level-Result": {"Few": [42.130776286163346, 200], "Medium": [0, 0], "Many": [0, 0]}}