{"Rouge-L f": 0.23029936791223668, "image_quantity_level-Accuracy": {"Few": 0.23029936791223668, "Medium": 0, "Many": 0}, "image_quantity_level-Result": {"Few": [46.05987358244729, 200], "Medium": [0, 0], "Many": [0, 0]}}