{"Accuracy": 0.655, "image_quantity_level-Accuracy": {"Few": 0.6477272727272727, "Medium": 0.7083333333333334, "Many": 0}, "image_quantity_level-Result": {"Few": [114, 176], "Medium": [17, 24], "Many": [0, 0]}}