{"Accuracy": 0.115, "image_quantity_level-Accuracy": {"Few": 0, "Medium": 0.11678832116788321, "Many": 0.1111111111111111}, "image_quantity_level-Result": {"Few": [0, 0], "Medium": [16, 137], "Many": [7, 63]}}