{"Accuracy": 0.43166666666666664, "image_quantity_level-Accuracy": {"Few": 0, "Medium": 0.5179704016913319, "Many": 0.11023622047244094}, "image_quantity_level-Result": {"Few": [0, 0], "Medium": [245, 473], "Many": [14, 127]}}