{"Accuracy": 0.2, "image_quantity_level-Accuracy": {"Few": 0, "Medium": 0.18548387096774194, "Many": 0.2236842105263158}, "image_quantity_level-Result": {"Few": [0, 0], "Medium": [23, 124], "Many": [17, 76]}}