{"Accuracy": 0.22, "image_quantity_level-Accuracy": {"Few": 0.22727272727272727, "Medium": 0.16666666666666666, "Many": 0}, "image_quantity_level-Result": {"Few": [40, 176], "Medium": [4, 24], "Many": [0, 0]}}