{"Accuracy": 0.38, "image_quantity_level-Accuracy": {"Few": 0.3958333333333333, "Medium": 0.36538461538461536, "Many": 0}, "image_quantity_level-Result": {"Few": [38, 96], "Medium": [38, 104], "Many": [0, 0]}}