{"Accuracy": 0.82, "image_quantity_level-Accuracy": {"Few": 0.8181818181818182, "Medium": 0.8333333333333334, "Many": 0}, "image_quantity_level-Result": {"Few": [144, 176], "Medium": [20, 24], "Many": [0, 0]}}