{"Rouge-L f": 0.27791727689051854, "image_quantity_level-Accuracy": {"Few": 0.27791727689051854, "Medium": 0, "Many": 0}, "image_quantity_level-Result": {"Few": [55.5834553781037, 200], "Medium": [0, 0], "Many": [0, 0]}}