{"Accuracy": 0.775, "image_quantity_level-Accuracy": {"Few": 0, "Medium": 0.7703703703703704, "Many": 0.7846153846153846}, "image_quantity_level-Result": {"Few": [0, 0], "Medium": [104, 135], "Many": [51, 65]}}