{"Rouge-L f": 0.27573200514923, "image_quantity_level-Accuracy": {"Few": 0.27573200514923, "Medium": 0, "Many": 0}, "image_quantity_level-Result": {"Few": [55.14640102984597, 200], "Medium": [0, 0], "Many": [0, 0]}}