{"Accuracy": 0.255, "image_quantity_level-Accuracy": {"Few": 0, "Medium": 0.28225806451612906, "Many": 0.21052631578947367}, "image_quantity_level-Result": {"Few": [0, 0], "Medium": [35, 124], "Many": [16, 76]}}