{"Accuracy": 0.76, "image_quantity_level-Accuracy": {"Few": 0, "Medium": 0.7518248175182481, "Many": 0.7777777777777778}, "image_quantity_level-Result": {"Few": [0, 0], "Medium": [103, 137], "Many": [49, 63]}}