{"Accuracy": 0.115, "image_quantity_level-Accuracy": {"Few": 0, "Medium": 0.14376321353065538, "Many": 0.007874015748031496}, "image_quantity_level-Result": {"Few": [0, 0], "Medium": [68, 473], "Many": [1, 127]}}