{"Rouge-L f": 0.22038304882918403, "image_quantity_level-Accuracy": {"Few": 0.22038304882918403, "Medium": 0, "Many": 0}, "image_quantity_level-Result": {"Few": [44.07660976583681, 200], "Medium": [0, 0], "Many": [0, 0]}}