{"Accuracy": 0.36, "image_quantity_level-Accuracy": {"Few": 0.2878787878787879, "Medium": 0.39552238805970147, "Many": 0}, "image_quantity_level-Result": {"Few": [19, 66], "Medium": [53, 134], "Many": [0, 0]}}