{"Accuracy": 0.155, "image_quantity_level-Accuracy": {"Few": 0, "Medium": 0.16129032258064516, "Many": 0.14473684210526316}, "image_quantity_level-Result": {"Few": [0, 0], "Medium": [20, 124], "Many": [11, 76]}}