{"Accuracy": 0.23, "image_quantity_level-Accuracy": {"Few": 0.24324324324324326, "Medium": 0.06666666666666667, "Many": 0}, "image_quantity_level-Result": {"Few": [45, 185], "Medium": [1, 15], "Many": [0, 0]}}