{"Accuracy": 0.753125, "image_quantity_level-Accuracy": {"Few": 0.85, "Medium": 0.7538461538461538, "Many": 0.7411764705882353}, "image_quantity_level-Result": {"Few": [17, 20], "Medium": [98, 130], "Many": [126, 170]}}