{"Accuracy": 0.803125, "image_quantity_level-Accuracy": {"Few": 0.9, "Medium": 0.8538461538461538, "Many": 0.7529411764705882}, "image_quantity_level-Result": {"Few": [18, 20], "Medium": [111, 130], "Many": [128, 170]}}