{"Accuracy": 0.03, "image_quantity_level-Accuracy": {"Few": 0, "Medium": 0.02824858757062147, "Many": 0.043478260869565216}, "image_quantity_level-Result": {"Few": [0, 0], "Medium": [5, 177], "Many": [1, 23]}}