{"Rouge-L f": 0.2580011477316567, "image_quantity_level-Accuracy": {"Few": 0.2580011477316567, "Medium": 0, "Many": 0}, "image_quantity_level-Result": {"Few": [51.60022954633131, 200], "Medium": [0, 0], "Many": [0, 0]}}