{"Accuracy": 0.79, "image_quantity_level-Accuracy": {"Few": 0.7897727272727273, "Medium": 0.7916666666666666, "Many": 0}, "image_quantity_level-Result": {"Few": [139, 176], "Medium": [19, 24], "Many": [0, 0]}}