{"Accuracy": 0.115, "image_quantity_level-Accuracy": {"Few": 0.11931818181818182, "Medium": 0.08333333333333333, "Many": 0}, "image_quantity_level-Result": {"Few": [21, 176], "Medium": [2, 24], "Many": [0, 0]}}