{"Rouge-L f": 0.23647960569904908, "image_quantity_level-Accuracy": {"Few": 0.23647960569904908, "Medium": 0, "Many": 0}, "image_quantity_level-Result": {"Few": [47.2959211398098, 200], "Medium": [0, 0], "Many": [0, 0]}}