{"Rouge-L f": 0.35982162168781573, "image_quantity_level-Accuracy": {"Few": 0.35982162168781573, "Medium": 0, "Many": 0}, "image_quantity_level-Result": {"Few": [71.96432433756311, 200], "Medium": [0, 0], "Many": [0, 0]}}