{"Accuracy": 0.325, "image_quantity_level-Accuracy": {"Few": 0.30303030303030304, "Medium": 0.3358208955223881, "Many": 0}, "image_quantity_level-Result": {"Few": [20, 66], "Medium": [45, 134], "Many": [0, 0]}}