{"Accuracy": 0.265, "image_quantity_level-Accuracy": {"Few": 0.2727272727272727, "Medium": 0.26119402985074625, "Many": 0}, "image_quantity_level-Result": {"Few": [18, 66], "Medium": [35, 134], "Many": [0, 0]}}