{"Rouge-L f": 0.3174957394988276, "image_quantity_level-Accuracy": {"Few": 0.3174957394988276, "Medium": 0, "Many": 0}, "image_quantity_level-Result": {"Few": [63.4991478997655, 200], "Medium": [0, 0], "Many": [0, 0]}}