{"Rouge-L f": 0.14737419150267098, "image_quantity_level-Accuracy": {"Few": 0.14737419150267098, "Medium": 0, "Many": 0}, "image_quantity_level-Result": {"Few": [29.474838300534188, 200], "Medium": [0, 0], "Many": [0, 0]}}