{"Rouge-L f": 0.24075711267683025, "image_quantity_level-Accuracy": {"Few": 0.24075711267683025, "Medium": 0, "Many": 0}, "image_quantity_level-Result": {"Few": [48.15142253536606, 200], "Medium": [0, 0], "Many": [0, 0]}}