{"Rouge-L f": 0.3079631005867254, "image_quantity_level-Accuracy": {"Few": 0.3079631005867254, "Medium": 0, "Many": 0}, "image_quantity_level-Result": {"Few": [61.59262011734505, 200], "Medium": [0, 0], "Many": [0, 0]}}