{"Rouge-L f": 0.10942972956454815, "image_quantity_level-Accuracy": {"Few": 0.10942972956454815, "Medium": 0, "Many": 0}, "image_quantity_level-Result": {"Few": [21.885945912909627, 200], "Medium": [0, 0], "Many": [0, 0]}}