{"Rouge-L f": 0.1743749214109832, "image_quantity_level-Accuracy": {"Few": 0.1743749214109832, "Medium": 0, "Many": 0}, "image_quantity_level-Result": {"Few": [34.874984282196664, 200], "Medium": [0, 0], "Many": [0, 0]}}