{"Accuracy": 0.11666666666666667, "image_quantity_level-Accuracy": {"Few": 0, "Medium": 0.14376321353065538, "Many": 0.015748031496062992}, "image_quantity_level-Result": {"Few": [0, 0], "Medium": [68, 473], "Many": [2, 127]}}