{"Accuracy": 0.521875, "image_quantity_level-Accuracy": {"Few": 1.0, "Medium": 0.7538461538461538, "Many": 0.28823529411764703}, "image_quantity_level-Result": {"Few": [20, 20], "Medium": [98, 130], "Many": [49, 170]}}