{"Rouge-L f": 0.23271973547867325, "image_quantity_level-Accuracy": {"Few": 0.23271973547867325, "Medium": 0, "Many": 0}, "image_quantity_level-Result": {"Few": [46.54394709573463, 200], "Medium": [0, 0], "Many": [0, 0]}}