{"Rouge-L f": 0.3580590817409508, "image_quantity_level-Accuracy": {"Few": 0.3580590817409508, "Medium": 0, "Many": 0}, "image_quantity_level-Result": {"Few": [71.61181634819017, 200], "Medium": [0, 0], "Many": [0, 0]}}