{"Accuracy": 0.775, "image_quantity_level-Accuracy": {"Few": 0.8, "Medium": 0.8153846153846154, "Many": 0.7411764705882353}, "image_quantity_level-Result": {"Few": [16, 20], "Medium": [106, 130], "Many": [126, 170]}}