{"Accuracy": 0.09, "image_quantity_level-Accuracy": {"Few": 0, "Medium": 0.1320754716981132, "Many": 0.0425531914893617}, "image_quantity_level-Result": {"Few": [0, 0], "Medium": [14, 106], "Many": [4, 94]}}