{"Accuracy": 0.3, "image_quantity_level-Accuracy": {"Few": 0, "Medium": 0.3867924528301887, "Many": 0.20212765957446807}, "image_quantity_level-Result": {"Few": [0, 0], "Medium": [41, 106], "Many": [19, 94]}}