{"Accuracy": 0.365, "image_quantity_level-Accuracy": {"Few": 0, "Medium": 0.3615819209039548, "Many": 0.391304347826087}, "image_quantity_level-Result": {"Few": [0, 0], "Medium": [64, 177], "Many": [9, 23]}}