{"Rouge-L f": 0.1327026880663244, "image_quantity_level-Accuracy": {"Few": 0.1327026880663244, "Medium": 0, "Many": 0}, "image_quantity_level-Result": {"Few": [26.540537613264892, 200], "Medium": [0, 0], "Many": [0, 0]}}