{"Accuracy": 0.4083333333333333, "image_quantity_level-Accuracy": {"Few": 0, "Medium": 0.4904862579281184, "Many": 0.10236220472440945}, "image_quantity_level-Result": {"Few": [0, 0], "Medium": [232, 473], "Many": [13, 127]}}