{"Accuracy": 0.475, "image_quantity_level-Accuracy": {"Few": 0, "Medium": 0.5660377358490566, "Many": 0.3723404255319149}, "image_quantity_level-Result": {"Few": [0, 0], "Medium": [60, 106], "Many": [35, 94]}}