{"Accuracy": 0.775, "image_quantity_level-Accuracy": {"Few": 0, "Medium": 0.7518248175182481, "Many": 0.8253968253968254}, "image_quantity_level-Result": {"Few": [0, 0], "Medium": [103, 137], "Many": [52, 63]}}