{"Accuracy": 0.025, "image_quantity_level-Accuracy": {"Few": 0, "Medium": 0.029197080291970802, "Many": 0.015873015873015872}, "image_quantity_level-Result": {"Few": [0, 0], "Medium": [4, 137], "Many": [1, 63]}}