{"Accuracy": 0.35, "image_quantity_level-Accuracy": {"Few": 0.3675675675675676, "Medium": 0.13333333333333333, "Many": 0}, "image_quantity_level-Result": {"Few": [68, 185], "Medium": [2, 15], "Many": [0, 0]}}