{"Accuracy": 0.15, "image_quantity_level-Accuracy": {"Few": 0, "Medium": 0.14689265536723164, "Many": 0.17391304347826086}, "image_quantity_level-Result": {"Few": [0, 0], "Medium": [26, 177], "Many": [4, 23]}}