{"Accuracy": 0.73, "image_quantity_level-Accuracy": {"Few": 0, "Medium": 0.7580645161290323, "Many": 0.6842105263157895}, "image_quantity_level-Result": {"Few": [0, 0], "Medium": [94, 124], "Many": [52, 76]}}