{"Accuracy": 0.2, "image_quantity_level-Accuracy": {"Few": 0, "Medium": 0.2413793103448276, "Many": 0.09090909090909091}, "image_quantity_level-Result": {"Few": [0, 0], "Medium": [35, 145], "Many": [5, 55]}}