{"Accuracy": 0.22, "image_quantity_level-Accuracy": {"Few": 0.18181818181818182, "Medium": 0.23880597014925373, "Many": 0}, "image_quantity_level-Result": {"Few": [12, 66], "Medium": [32, 134], "Many": [0, 0]}}