{"Accuracy": 0.49, "image_quantity_level-Accuracy": {"Few": 0.5454545454545454, "Medium": 0.4626865671641791, "Many": 0}, "image_quantity_level-Result": {"Few": [36, 66], "Medium": [62, 134], "Many": [0, 0]}}