{"Accuracy": 0.525, "image_quantity_level-Accuracy": {"Few": 0, "Medium": 0.503448275862069, "Many": 0.5818181818181818}, "image_quantity_level-Result": {"Few": [0, 0], "Medium": [73, 145], "Many": [32, 55]}}