{"Accuracy": 0.77, "image_quantity_level-Accuracy": {"Few": 0, "Medium": 0.7664233576642335, "Many": 0.7777777777777778}, "image_quantity_level-Result": {"Few": [0, 0], "Medium": [105, 137], "Many": [49, 63]}}