{"Rouge-L f": 0.229395623445851, "image_quantity_level-Accuracy": {"Few": 0.229395623445851, "Medium": 0, "Many": 0}, "image_quantity_level-Result": {"Few": [45.87912468917021, 200], "Medium": [0, 0], "Many": [0, 0]}}