{"Rouge-L f": 0.20503964083236798, "image_quantity_level-Accuracy": {"Few": 0.20503964083236798, "Medium": 0, "Many": 0}, "image_quantity_level-Result": {"Few": [41.00792816647356, 200], "Medium": [0, 0], "Many": [0, 0]}}