{"Accuracy": 0.53, "image_quantity_level-Accuracy": {"Few": 0, "Medium": 0.5310344827586206, "Many": 0.5272727272727272}, "image_quantity_level-Result": {"Few": [0, 0], "Medium": [77, 145], "Many": [29, 55]}}