{"Accuracy": 0.34, "image_quantity_level-Accuracy": {"Few": 0, "Medium": 0.3446327683615819, "Many": 0.30434782608695654}, "image_quantity_level-Result": {"Few": [0, 0], "Medium": [61, 177], "Many": [7, 23]}}