{"Rouge-L f": 0.23008021110041327, "image_quantity_level-Accuracy": {"Few": 0.23008021110041327, "Medium": 0, "Many": 0}, "image_quantity_level-Result": {"Few": [46.016042220082646, 200], "Medium": [0, 0], "Many": [0, 0]}}