{"Accuracy": 0.175, "image_quantity_level-Accuracy": {"Few": 0.1783783783783784, "Medium": 0.13333333333333333, "Many": 0}, "image_quantity_level-Result": {"Few": [33, 185], "Medium": [2, 15], "Many": [0, 0]}}