{"Accuracy": 0.79, "image_quantity_level-Accuracy": {"Few": 0, "Medium": 0.7956204379562044, "Many": 0.7777777777777778}, "image_quantity_level-Result": {"Few": [0, 0], "Medium": [109, 137], "Many": [49, 63]}}