{"Accuracy": 0.09666666666666666, "image_quantity_level-Accuracy": {"Few": 0, "Medium": 0.11627906976744186, "Many": 0.023622047244094488}, "image_quantity_level-Result": {"Few": [0, 0], "Medium": [55, 473], "Many": [3, 127]}}