{"Accuracy": 0.05, "image_quantity_level-Accuracy": {"Few": 0, "Medium": 0.06666666666666667, "Many": 0.04864864864864865}, "image_quantity_level-Result": {"Few": [0, 0], "Medium": [1, 15], "Many": [9, 185]}}