{"Accuracy": 0.43666666666666665, "image_quantity_level-Accuracy": {"Few": 0, "Medium": 0.5243128964059197, "Many": 0.11023622047244094}, "image_quantity_level-Result": {"Few": [0, 0], "Medium": [248, 473], "Many": [14, 127]}}