{"Accuracy": 0.37, "image_quantity_level-Accuracy": {"Few": 0, "Medium": 0.3728813559322034, "Many": 0.34782608695652173}, "image_quantity_level-Result": {"Few": [0, 0], "Medium": [66, 177], "Many": [8, 23]}}