{"Accuracy": 0.35, "image_quantity_level-Accuracy": {"Few": 0, "Medium": 0.3502824858757062, "Many": 0.34782608695652173}, "image_quantity_level-Result": {"Few": [0, 0], "Medium": [62, 177], "Many": [8, 23]}}