{"Accuracy": 0.221875, "image_quantity_level-Accuracy": {"Few": 0.6, "Medium": 0.26153846153846155, "Many": 0.14705882352941177}, "image_quantity_level-Result": {"Few": [12, 20], "Medium": [34, 130], "Many": [25, 170]}}