{"Accuracy": 0.29, "image_quantity_level-Accuracy": {"Few": 0, "Medium": 0.3867924528301887, "Many": 0.18085106382978725}, "image_quantity_level-Result": {"Few": [0, 0], "Medium": [41, 106], "Many": [17, 94]}}