{"Accuracy": 0.205, "image_quantity_level-Accuracy": {"Few": 0.22727272727272727, "Medium": 0.041666666666666664, "Many": 0}, "image_quantity_level-Result": {"Few": [40, 176], "Medium": [1, 24], "Many": [0, 0]}}