{"Accuracy": 0.585, "image_quantity_level-Accuracy": {"Few": 0.5738636363636364, "Medium": 0.6666666666666666, "Many": 0}, "image_quantity_level-Result": {"Few": [101, 176], "Medium": [16, 24], "Many": [0, 0]}}