{"Accuracy": 0.235, "image_quantity_level-Accuracy": {"Few": 0.23958333333333334, "Medium": 0.23076923076923078, "Many": 0}, "image_quantity_level-Result": {"Few": [23, 96], "Medium": [24, 104], "Many": [0, 0]}}