{"Accuracy": 0.24, "image_quantity_level-Accuracy": {"Few": 0.24864864864864866, "Medium": 0.13333333333333333, "Many": 0}, "image_quantity_level-Result": {"Few": [46, 185], "Medium": [2, 15], "Many": [0, 0]}}