{"Rouge-L f": 0.248267434235013, "image_quantity_level-Accuracy": {"Few": 0.248267434235013, "Medium": 0, "Many": 0}, "image_quantity_level-Result": {"Few": [49.65348684700261, 200], "Medium": [0, 0], "Many": [0, 0]}}