{"Rouge-L f": 0.3874596050508008, "image_quantity_level-Accuracy": {"Few": 0.3874596050508008, "Medium": 0, "Many": 0}, "image_quantity_level-Result": {"Few": [77.49192101016014, 200], "Medium": [0, 0], "Many": [0, 0]}}