{"Accuracy": 0.81, "image_quantity_level-Accuracy": {"Few": 0, "Medium": 0.8064516129032258, "Many": 0.8157894736842105}, "image_quantity_level-Result": {"Few": [0, 0], "Medium": [100, 124], "Many": [62, 76]}}