{"Accuracy": 0.34, "image_quantity_level-Accuracy": {"Few": 0, "Medium": 0.41509433962264153, "Many": 0.2553191489361702}, "image_quantity_level-Result": {"Few": [0, 0], "Medium": [44, 106], "Many": [24, 94]}}