{"Accuracy": 0.14, "image_quantity_level-Accuracy": {"Few": 0.14772727272727273, "Medium": 0.08333333333333333, "Many": 0}, "image_quantity_level-Result": {"Few": [26, 176], "Medium": [2, 24], "Many": [0, 0]}}