{"Accuracy": 0.77, "image_quantity_level-Accuracy": {"Few": 0, "Medium": 0.781021897810219, "Many": 0.746031746031746}, "image_quantity_level-Result": {"Few": [0, 0], "Medium": [107, 137], "Many": [47, 63]}}