{"Accuracy": 0.31, "image_quantity_level-Accuracy": {"Few": 0, "Medium": 0.2994350282485876, "Many": 0.391304347826087}, "image_quantity_level-Result": {"Few": [0, 0], "Medium": [53, 177], "Many": [9, 23]}}