{"Accuracy": 0.195, "image_quantity_level-Accuracy": {"Few": 0, "Medium": 0.2358490566037736, "Many": 0.14893617021276595}, "image_quantity_level-Result": {"Few": [0, 0], "Medium": [25, 106], "Many": [14, 94]}}