{"Rouge-L f": 0.24426318128364344, "image_quantity_level-Accuracy": {"Few": 0.24426318128364344, "Medium": 0, "Many": 0}, "image_quantity_level-Result": {"Few": [48.85263625672866, 200], "Medium": [0, 0], "Many": [0, 0]}}