{"Accuracy": 0.215, "image_quantity_level-Accuracy": {"Few": 0.2159090909090909, "Medium": 0.20833333333333334, "Many": 0}, "image_quantity_level-Result": {"Few": [38, 176], "Medium": [5, 24], "Many": [0, 0]}}