{"Accuracy": 0.2, "image_quantity_level-Accuracy": {"Few": 0.19886363636363635, "Medium": 0.20833333333333334, "Many": 0}, "image_quantity_level-Result": {"Few": [35, 176], "Medium": [5, 24], "Many": [0, 0]}}