{"Accuracy": 0.28, "image_quantity_level-Accuracy": {"Few": 0.23958333333333334, "Medium": 0.3173076923076923, "Many": 0}, "image_quantity_level-Result": {"Few": [23, 96], "Medium": [33, 104], "Many": [0, 0]}}