{"Rouge-L f": 0.3843021838899238, "image_quantity_level-Accuracy": {"Few": 0.3843021838899238, "Medium": 0, "Many": 0}, "image_quantity_level-Result": {"Few": [76.86043677798479, 200], "Medium": [0, 0], "Many": [0, 0]}}