{"Rouge-L f": 0.22509407666204623, "image_quantity_level-Accuracy": {"Few": 0.22509407666204623, "Medium": 0, "Many": 0}, "image_quantity_level-Result": {"Few": [45.0188153324092, 200], "Medium": [0, 0], "Many": [0, 0]}}