{"Accuracy": 0.745, "image_quantity_level-Accuracy": {"Few": 0.7329545454545454, "Medium": 0.8333333333333334, "Many": 0}, "image_quantity_level-Result": {"Few": [129, 176], "Medium": [20, 24], "Many": [0, 0]}}