{"Accuracy": 0.275, "image_quantity_level-Accuracy": {"Few": 0.25757575757575757, "Medium": 0.2835820895522388, "Many": 0}, "image_quantity_level-Result": {"Few": [17, 66], "Medium": [38, 134], "Many": [0, 0]}}