{"Accuracy": 0.47, "image_quantity_level-Accuracy": {"Few": 0.5208333333333334, "Medium": 0.4230769230769231, "Many": 0}, "image_quantity_level-Result": {"Few": [50, 96], "Medium": [44, 104], "Many": [0, 0]}}