{"Accuracy": 0.565, "image_quantity_level-Accuracy": {"Few": 0, "Medium": 0.5586206896551724, "Many": 0.5818181818181818}, "image_quantity_level-Result": {"Few": [0, 0], "Medium": [81, 145], "Many": [32, 55]}}