{"Accuracy": 0.115, "image_quantity_level-Accuracy": {"Few": 0, "Medium": 0.10948905109489052, "Many": 0.12698412698412698}, "image_quantity_level-Result": {"Few": [0, 0], "Medium": [15, 137], "Many": [8, 63]}}