{"Rouge-L f": 0.23510280459977703, "image_quantity_level-Accuracy": {"Few": 0.23510280459977703, "Medium": 0, "Many": 0}, "image_quantity_level-Result": {"Few": [47.02056091995541, 200], "Medium": [0, 0], "Many": [0, 0]}}