{"Accuracy": 0.17, "image_quantity_level-Accuracy": {"Few": 0, "Medium": 0.16551724137931034, "Many": 0.18181818181818182}, "image_quantity_level-Result": {"Few": [0, 0], "Medium": [24, 145], "Many": [10, 55]}}