{"Rouge-L f": 0.11721587411384253, "image_quantity_level-Accuracy": {"Few": 0.11721587411384253, "Medium": 0, "Many": 0}, "image_quantity_level-Result": {"Few": [23.443174822768494, 200], "Medium": [0, 0], "Many": [0, 0]}}