{"Accuracy": 0.155, "image_quantity_level-Accuracy": {"Few": 0, "Medium": 0.2169811320754717, "Many": 0.0851063829787234}, "image_quantity_level-Result": {"Few": [0, 0], "Medium": [23, 106], "Many": [8, 94]}}