{"Rouge-L f": 0.12514397353500434, "image_quantity_level-Accuracy": {"Few": 0.12514397353500434, "Medium": 0, "Many": 0}, "image_quantity_level-Result": {"Few": [25.028794707000873, 200], "Medium": [0, 0], "Many": [0, 0]}}