{"Accuracy": 0.355, "image_quantity_level-Accuracy": {"Few": 0, "Medium": 0.3502824858757062, "Many": 0.391304347826087}, "image_quantity_level-Result": {"Few": [0, 0], "Medium": [62, 177], "Many": [9, 23]}}