{"Accuracy": 0.195, "image_quantity_level-Accuracy": {"Few": 0, "Medium": 0.24528301886792453, "Many": 0.13829787234042554}, "image_quantity_level-Result": {"Few": [0, 0], "Medium": [26, 106], "Many": [13, 94]}}