{"Accuracy": 0.305, "image_quantity_level-Accuracy": {"Few": 0.30303030303030304, "Medium": 0.30597014925373134, "Many": 0}, "image_quantity_level-Result": {"Few": [20, 66], "Medium": [41, 134], "Many": [0, 0]}}