{"Accuracy": 0.73, "image_quantity_level-Accuracy": {"Few": 0.7045454545454546, "Medium": 0.9166666666666666, "Many": 0}, "image_quantity_level-Result": {"Few": [124, 176], "Medium": [22, 24], "Many": [0, 0]}}