{"Rouge-L f": 0.18084483191850648, "image_quantity_level-Accuracy": {"Few": 0.18084483191850648, "Medium": 0, "Many": 0}, "image_quantity_level-Result": {"Few": [36.16896638370128, 200], "Medium": [0, 0], "Many": [0, 0]}}