{"Rouge-L f": 0.13108665106380557, "image_quantity_level-Accuracy": {"Few": 0.13108665106380557, "Medium": 0, "Many": 0}, "image_quantity_level-Result": {"Few": [26.217330212761116, 200], "Medium": [0, 0], "Many": [0, 0]}}