{"Accuracy": 0.765, "image_quantity_level-Accuracy": {"Few": 0, "Medium": 0.7664233576642335, "Many": 0.7619047619047619}, "image_quantity_level-Result": {"Few": [0, 0], "Medium": [105, 137], "Many": [48, 63]}}