{"Accuracy": 0.221875, "image_quantity_level-Accuracy": {"Few": 0.9, "Medium": 0.2846153846153846, "Many": 0.09411764705882353}, "image_quantity_level-Result": {"Few": [18, 20], "Medium": [37, 130], "Many": [16, 170]}}