{"Accuracy": 0.19, "image_quantity_level-Accuracy": {"Few": 0.19318181818181818, "Medium": 0.16666666666666666, "Many": 0}, "image_quantity_level-Result": {"Few": [34, 176], "Medium": [4, 24], "Many": [0, 0]}}