{"Accuracy": 0.39, "image_quantity_level-Accuracy": {"Few": 0, "Medium": 0.384180790960452, "Many": 0.43478260869565216}, "image_quantity_level-Result": {"Few": [0, 0], "Medium": [68, 177], "Many": [10, 23]}}