{"Rouge-L f": 0.18362012367547792, "image_quantity_level-Accuracy": {"Few": 0.18362012367547792, "Medium": 0, "Many": 0}, "image_quantity_level-Result": {"Few": [36.724024735095576, 200], "Medium": [0, 0], "Many": [0, 0]}}