{"Accuracy": 0.135, "image_quantity_level-Accuracy": {"Few": 0, "Medium": 0.16296296296296298, "Many": 0.07692307692307693}, "image_quantity_level-Result": {"Few": [0, 0], "Medium": [22, 135], "Many": [5, 65]}}