{"Accuracy": 0.635, "image_quantity_level-Accuracy": {"Few": 0, "Medium": 0.6222222222222222, "Many": 0.6615384615384615}, "image_quantity_level-Result": {"Few": [0, 0], "Medium": [84, 135], "Many": [43, 65]}}